User1,User2,DayBecameFriend
user11,user39,12/13/2022 00:00:00
user25,user50,03/03/2022 00:00:00
user39,user19,09/25/2022 00:00:00
user21,user20,05/06/2022 00:00:00
user46,user8,02/05/2022 00:00:00
user40,user28,11/29/2022 00:00:00
user43,user30,09/03/2022 00:00:00
user33,user49,06/26/2022 00:00:00
user43,user6,10/11/2022 00:00:00
user26,user4,03/07/2022 00:00:00
user44,user31,07/24/2022 00:00:00
user18,user47,09/24/2022 00:00:00
user10,user37,07/14/2022 00:00:00
user47,user24,10/03/2022 00:00:00
user3,user32,05/16/2022 00:00:00
user9,user16,08/04/2022 00:00:00
user40,user5,09/23/2022 00:00:00
user40,user24,09/14/2022 00:00:00
user10,user13,03/29/2022 00:00:00
user32,user18,11/25/2022 00:00:00
user9,user12,01/18/2022 00:00:00
user26,user35,10/24/2022 00:00:00
user42,user32,11/17/2022 00:00:00
user28,user7,05/05/2022 00:00:00
user38,user12,10/21/2022 00:00:00
user34,user25,06/10/2022 00:00:00
user46,user7,04/14/2022 00:00:00
user8,user29,12/11/2022 00:00:00
user17,user23,08/25/2022 00:00:00
user13,user35,02/01/2022 00:00:00
user20,user49,04/24/2022 00:00:00
user29,user40,10/27/2022 00:00:00
user36,user40,04/15/2022 00:00:00
user3,user26,12/13/2022 00:00:00
user20,user9,08/29/2022 00:00:00
user47,user18,01/26/2022 00:00:00
user32,user2,07/07/2022 00:00:00
user2,user21,02/09/2022 00:00:00
user35,user25,02/12/2022 00:00:00
user20,user23,09/04/2022 00:00:00
user47,user46,04/18/2022 00:00:00
user12,user25,10/04/2022 00:00:00
user42,user49,04/23/2022 00:00:00
user46,user38,01/21/2022 00:00:00
user9,user20,08/14/2022 00:00:00
user37,user23,03/24/2022 00:00:00
user23,user29,09/10/2022 00:00:00
user2,user39,01/27/2022 00:00:00
user32,user42,08/08/2022 00:00:00
user50,user19,08/13/2022 00:00:00
user25,user23,03/31/2022 00:00:00
user35,user3,07/18/2022 00:00:00
user46,user26,12/12/2022 00:00:00
user3,user42,12/01/2022 00:00:00
user45,user4,11/02/2022 00:00:00
user46,user18,01/15/2022 00:00:00
user2,user11,12/04/2022 00:00:00
user20,user48,08/18/2022 00:00:00
user12,user41,03/20/2022 00:00:00
user6,user2,02/09/2022 00:00:00
user39,user41,08/13/2022 00:00:00
user24,user40,08/23/2022 00:00:00
user45,user21,09/29/2022 00:00:00
user11,user40,07/25/2022 00:00:00
user42,user31,10/30/2022 00:00:00
user49,user4,07/27/2022 00:00:00
user13,user48,03/05/2022 00:00:00
user19,user17,11/09/2022 00:00:00
user42,user50,02/25/2022 00:00:00
user17,user47,09/24/2022 00:00:00
user39,user42,08/24/2022 00:00:00
user27,user12,10/23/2022 00:00:00
user2,user50,12/29/2022 00:00:00
user12,user43,01/24/2022 00:00:00
user25,user33,02/23/2022 00:00:00
user50,user37,08/09/2022 00:00:00
user47,user40,03/21/2022 00:00:00
user30,user39,10/29/2022 00:00:00
user26,user10,12/18/2022 00:00:00
user11,user18,02/23/2022 00:00:00
user10,user36,01/04/2022 00:00:00
user8,user20,02/03/2022 00:00:00
user23,user11,10/17/2022 00:00:00
user25,user35,08/20/2022 00:00:00
user47,user4,06/19/2022 00:00:00
user8,user48,07/22/2022 00:00:00
user31,user25,06/03/2022 00:00:00
user7,user42,12/09/2022 00:00:00
user36,user10,08/07/2022 00:00:00
user18,user21,03/09/2022 00:00:00
user33,user23,01/30/2022 00:00:00
user31,user21,12/15/2022 00:00:00
user15,user11,05/15/2022 00:00:00
user4,user38,03/03/2022 00:00:00
user43,user24,05/09/2022 00:00:00
user20,user3,02/03/2022 00:00:00
user29,user26,12/05/2022 00:00:00
user26,user24,09/11/2022 00:00:00
user13,user18,10/02/2022 00:00:00
user30,user5,01/15/2022 00:00:00
user33,user13,11/22/2022 00:00:00
user29,user18,02/07/2022 00:00:00
user34,user2,12/29/2022 00:00:00
user42,user26,04/25/2022 00:00:00
user47,user20,06/25/2022 00:00:00
user8,user28,05/07/2022 00:00:00
user9,user21,02/24/2022 00:00:00
user48,user31,04/19/2022 00:00:00
user10,user31,01/13/2022 00:00:00
user46,user23,02/03/2022 00:00:00
user10,user27,12/20/2022 00:00:00
user35,user8,10/30/2022 00:00:00
user15,user8,12/27/2022 00:00:00
user40,user4,08/07/2022 00:00:00
user37,user15,02/06/2022 00:00:00
user38,user2,05/15/2022 00:00:00
user15,user22,03/13/2022 00:00:00
user8,user4,04/10/2022 00:00:00
user37,user31,08/11/2022 00:00:00
user22,user6,06/16/2022 00:00:00
user49,user18,05/19/2022 00:00:00
user14,user9,02/27/2022 00:00:00
user10,user42,09/03/2022 00:00:00
user9,user17,09/30/2022 00:00:00
user22,user40,09/28/2022 00:00:00
user5,user14,07/22/2022 00:00:00
user14,user7,05/01/2022 00:00:00
user13,user3,03/08/2022 00:00:00
user28,user4,12/22/2022 00:00:00
user10,user24,01/24/2022 00:00:00
user4,user26,11/27/2022 00:00:00
user16,user46,10/02/2022 00:00:00
user31,user23,12/04/2022 00:00:00
user27,user7,11/24/2022 00:00:00
user43,user9,01/13/2022 00:00:00
user28,user38,08/25/2022 00:00:00
user2,user35,04/05/2022 00:00:00
user38,user36,06/21/2022 00:00:00
user33,user41,01/05/2022 00:00:00
user43,user46,09/17/2022 00:00:00
user39,user38,06/26/2022 00:00:00
user14,user44,10/29/2022 00:00:00
user45,user49,02/08/2022 00:00:00
user18,user37,12/26/2022 00:00:00
user19,user13,04/20/2022 00:00:00
user17,user41,01/12/2022 00:00:00
user5,user27,02/18/2022 00:00:00
user14,user34,05/09/2022 00:00:00
user16,user48,04/12/2022 00:00:00
user18,user33,03/26/2022 00:00:00
user49,user50,03/28/2022 00:00:00
user45,user15,06/11/2022 00:00:00
user34,user48,09/27/2022 00:00:00
user25,user48,06/26/2022 00:00:00
user6,user33,04/12/2022 00:00:00
user3,user12,09/17/2022 00:00:00
user15,user2,12/12/2022 00:00:00
user47,user16,09/13/2022 00:00:00
user21,user11,12/13/2022 00:00:00
user23,user31,06/23/2022 00:00:00
user31,user39,08/25/2022 00:00:00
user38,user34,01/20/2022 00:00:00
user50,user43,01/18/2022 00:00:00
user44,user36,07/15/2022 00:00:00
user35,user9,02/05/2022 00:00:00
user24,user22,04/19/2022 00:00:00
user6,user28,05/03/2022 00:00:00
user26,user18,01/18/2022 00:00:00
user19,user5,05/01/2022 00:00:00
user37,user12,09/11/2022 00:00:00
user37,user21,04/20/2022 00:00:00
user16,user29,04/07/2022 00:00:00
user16,user26,04/22/2022 00:00:00
user38,user35,06/05/2022 00:00:00
user42,user2,08/12/2022 00:00:00
user49,user26,05/21/2022 00:00:00
user37,user36,05/11/2022 00:00:00
user16,user19,01/13/2022 00:00:00
user42,user19,04/16/2022 00:00:00
user42,user41,03/15/2022 00:00:00
user4,user41,07/21/2022 00:00:00
user21,user40,01/03/2022 00:00:00
user23,user25,08/31/2022 00:00:00
user38,user18,12/16/2022 00:00:00
user37,user45,11/10/2022 00:00:00
user45,user36,12/10/2022 00:00:00
user50,user36,01/13/2022 00:00:00
user13,user24,08/19/2022 00:00:00
user50,user24,12/08/2022 00:00:00
user39,user24,10/23/2022 00:00:00
user13,user14,05/29/2022 00:00:00
user30,user36,07/05/2022 00:00:00
user50,user22,05/06/2022 00:00:00
user27,user36,03/21/2022 00:00:00
user23,user34,07/28/2022 00:00:00
user39,user21,07/21/2022 00:00:00
user16,user5,05/26/2022 00:00:00
user15,user32,02/28/2022 00:00:00
user33,user36,07/27/2022 00:00:00
user45,user35,08/07/2022 00:00:00
user32,user34,11/09/2022 00:00:00
user34,user18,04/22/2022 00:00:00
user3,user50,01/11/2022 00:00:00
user30,user41,11/23/2022 00:00:00
user45,user22,02/05/2022 00:00:00
user50,user4,02/28/2022 00:00:00
user38,user50,03/02/2022 00:00:00
user37,user2,02/03/2022 00:00:00
user49,user12,05/17/2022 00:00:00
user12,user50,02/26/2022 00:00:00
user44,user34,05/21/2022 00:00:00
user16,user31,10/25/2022 00:00:00
user23,user19,02/28/2022 00:00:00
user6,user21,12/31/2022 00:00:00
user17,user15,11/03/2022 00:00:00
user3,user19,02/14/2022 00:00:00
user4,user35,11/10/2022 00:00:00
user29,user19,08/16/2022 00:00:00
user16,user14,10/07/2022 00:00:00
user22,user36,07/14/2022 00:00:00
user7,user8,03/11/2022 00:00:00
user35,user49,03/12/2022 00:00:00
user16,user45,07/06/2022 00:00:00
user33,user50,06/21/2022 00:00:00
user16,user43,07/09/2022 00:00:00
user10,user48,07/30/2022 00:00:00
user31,user7,01/08/2022 00:00:00
user20,user13,11/11/2022 00:00:00
user38,user9,04/15/2022 00:00:00
user43,user27,02/08/2022 00:00:00
user34,user7,06/17/2022 00:00:00
user32,user50,11/14/2022 00:00:00
user8,user46,06/26/2022 00:00:00
user29,user3,08/26/2022 00:00:00
user29,user25,09/03/2022 00:00:00
user14,user20,12/21/2022 00:00:00
user42,user28,03/19/2022 00:00:00
user31,user3,11/06/2022 00:00:00
user2,user19,12/10/2022 00:00:00
user9,user7,09/24/2022 00:00:00
user44,user14,04/02/2022 00:00:00
user43,user25,03/28/2022 00:00:00
user34,user44,05/20/2022 00:00:00
user33,user16,09/27/2022 00:00:00
user17,user11,12/07/2022 00:00:00
user37,user8,07/16/2022 00:00:00
user23,user10,02/21/2022 00:00:00
user18,user3,10/05/2022 00:00:00
user31,user30,04/04/2022 00:00:00
user13,user15,06/18/2022 00:00:00
user9,user24,07/05/2022 00:00:00
user39,user35,04/10/2022 00:00:00
user19,user43,08/21/2022 00:00:00
user21,user8,09/13/2022 00:00:00
user13,user29,05/18/2022 00:00:00
user4,user10,08/09/2022 00:00:00
user17,user32,09/09/2022 00:00:00
user23,user21,02/20/2022 00:00:00
user5,user36,10/03/2022 00:00:00
user19,user48,06/14/2022 00:00:00
user21,user16,11/02/2022 00:00:00
user46,user44,09/30/2022 00:00:00
user40,user16,04/22/2022 00:00:00
user46,user12,09/17/2022 00:00:00
user12,user19,09/03/2022 00:00:00
user43,user36,04/29/2022 00:00:00
user30,user18,06/29/2022 00:00:00
user25,user43,03/17/2022 00:00:00
user7,user50,02/24/2022 00:00:00
user38,user26,07/27/2022 00:00:00
user15,user13,07/31/2022 00:00:00
user36,user39,09/18/2022 00:00:00
user15,user33,01/21/2022 00:00:00
user19,user49,04/23/2022 00:00:00
user46,user21,07/08/2022 00:00:00
user19,user50,12/03/2022 00:00:00
user28,user41,11/25/2022 00:00:00
user29,user16,11/06/2022 00:00:00
user45,user18,05/03/2022 00:00:00
user38,user41,08/11/2022 00:00:00
user18,user22,12/09/2022 00:00:00
user18,user19,01/29/2022 00:00:00
user25,user29,06/01/2022 00:00:00
user20,user16,05/09/2022 00:00:00
user43,user14,03/29/2022 00:00:00
user45,user38,04/20/2022 00:00:00
user16,user44,11/21/2022 00:00:00
user6,user49,12/17/2022 00:00:00
user14,user2,02/11/2022 00:00:00
user44,user26,12/28/2022 00:00:00
user19,user24,09/19/2022 00:00:00
user49,user11,12/21/2022 00:00:00
user44,user17,11/18/2022 00:00:00
user39,user44,10/04/2022 00:00:00
user30,user14,09/03/2022 00:00:00
user30,user4,03/14/2022 00:00:00
user18,user17,12/22/2022 00:00:00
user44,user47,02/18/2022 00:00:00
user6,user8,05/15/2022 00:00:00
user35,user38,02/19/2022 00:00:00
user18,user49,06/17/2022 00:00:00
user6,user7,04/05/2022 00:00:00
user43,user37,07/14/2022 00:00:00
user16,user47,01/06/2022 00:00:00
user34,user43,01/06/2022 00:00:00
user41,user25,07/17/2022 00:00:00
user32,user28,01/01/2022 00:00:00
user41,user32,03/21/2022 00:00:00
user36,user49,02/02/2022 00:00:00
user36,user2,06/29/2022 00:00:00
user9,user15,01/22/2022 00:00:00
user16,user10,02/19/2022 00:00:00
user48,user43,03/04/2022 00:00:00
user21,user6,07/06/2022 00:00:00
user40,user15,06/12/2022 00:00:00
user39,user43,06/26/2022 00:00:00
user43,user40,03/10/2022 00:00:00
user42,user27,03/13/2022 00:00:00
user10,user12,05/11/2022 00:00:00
user10,user23,12/08/2022 00:00:00
user31,user20,11/26/2022 00:00:00
user20,user17,06/21/2022 00:00:00
user2,user45,01/14/2022 00:00:00
user22,user27,05/16/2022 00:00:00
user14,user36,07/24/2022 00:00:00
user23,user40,07/09/2022 00:00:00
user6,user23,07/19/2022 00:00:00
user28,user49,02/18/2022 00:00:00
user49,user2,12/16/2022 00:00:00
user28,user20,08/22/2022 00:00:00
user49,user33,11/22/2022 00:00:00
user18,user42,09/23/2022 00:00:00
user43,user8,12/24/2022 00:00:00
user7,user3,06/01/2022 00:00:00
user28,user43,10/25/2022 00:00:00
user15,user30,08/01/2022 00:00:00
user23,user37,03/11/2022 00:00:00
user12,user22,05/14/2022 00:00:00
user5,user3,07/29/2022 00:00:00
user40,user11,01/23/2022 00:00:00
user28,user24,02/14/2022 00:00:00
user17,user45,07/28/2022 00:00:00
user25,user11,03/28/2022 00:00:00
user39,user32,05/12/2022 00:00:00
user10,user18,06/25/2022 00:00:00
user29,user6,07/16/2022 00:00:00
user14,user22,10/06/2022 00:00:00
user17,user13,01/14/2022 00:00:00
user24,user11,12/03/2022 00:00:00
user8,user47,02/17/2022 00:00:00
user47,user41,02/20/2022 00:00:00
user40,user7,02/16/2022 00:00:00
user27,user21,09/04/2022 00:00:00
user20,user2,07/03/2022 00:00:00
user44,user12,05/24/2022 00:00:00
user39,user36,06/19/2022 00:00:00
user26,user28,10/06/2022 00:00:00
user43,user4,05/05/2022 00:00:00
user16,user17,09/08/2022 00:00:00
user37,user47,01/31/2022 00:00:00
user41,user47,04/15/2022 00:00:00
user39,user14,07/31/2022 00:00:00
user17,user27,05/14/2022 00:00:00
user33,user37,06/06/2022 00:00:00
user35,user31,02/16/2022 00:00:00
user39,user28,11/05/2022 00:00:00
user19,user37,07/27/2022 00:00:00
user35,user10,03/28/2022 00:00:00
user33,user12,02/27/2022 00:00:00
user45,user11,08/14/2022 00:00:00
user31,user5,03/10/2022 00:00:00
user23,user30,04/09/2022 00:00:00
user5,user17,05/01/2022 00:00:00
user33,user14,02/14/2022 00:00:00
user39,user6,09/26/2022 00:00:00
user31,user19,11/07/2022 00:00:00
user30,user8,08/21/2022 00:00:00
user20,user11,09/12/2022 00:00:00
user41,user6,08/17/2022 00:00:00
user4,user24,03/15/2022 00:00:00
user27,user32,01/25/2022 00:00:00
user5,user19,08/16/2022 00:00:00
user3,user38,06/22/2022 00:00:00
user6,user35,09/18/2022 00:00:00
user4,user44,10/21/2022 00:00:00
user43,user20,10/11/2022 00:00:00
user24,user45,01/01/2023 00:00:00
user28,user33,12/20/2022 00:00:00
user17,user20,06/15/2022 00:00:00
user32,user23,09/11/2022 00:00:00
user16,user35,12/29/2022 00:00:00
user27,user34,07/12/2022 00:00:00
user25,user4,06/28/2022 00:00:00
user28,user40,03/27/2022 00:00:00
user36,user21,10/25/2022 00:00:00
user42,user6,06/28/2022 00:00:00
user35,user28,02/05/2022 00:00:00
user34,user35,09/12/2022 00:00:00
user12,user38,11/02/2022 00:00:00
user46,user4,04/26/2022 00:00:00
user8,user37,04/06/2022 00:00:00
user33,user40,08/22/2022 00:00:00
user28,user26,01/13/2022 00:00:00
user13,user23,01/31/2022 00:00:00
user21,user29,03/19/2022 00:00:00
user8,user50,08/30/2022 00:00:00
user39,user3,09/08/2022 00:00:00
user42,user29,09/06/2022 00:00:00
user42,user20,08/17/2022 00:00:00
user12,user21,04/06/2022 00:00:00
user34,user3,10/24/2022 00:00:00
user45,user33,01/02/2022 00:00:00
user21,user45,04/06/2022 00:00:00
user36,user13,03/16/2022 00:00:00
user29,user7,06/08/2022 00:00:00
user3,user44,05/24/2022 00:00:00
user49,user17,12/25/2022 00:00:00
user5,user48,03/03/2022 00:00:00
user15,user45,11/11/2022 00:00:00
user33,user31,11/04/2022 00:00:00
user49,user23,05/25/2022 00:00:00
user4,user12,08/02/2022 00:00:00
user27,user43,04/14/2022 00:00:00
user43,user23,10/30/2022 00:00:00
user14,user19,09/06/2022 00:00:00
user12,user29,05/15/2022 00:00:00
user27,user38,02/16/2022 00:00:00
user33,user10,10/05/2022 00:00:00
user42,user23,05/08/2022 00:00:00
user44,user2,10/14/2022 00:00:00
user7,user5,10/03/2022 00:00:00
user23,user22,12/03/2022 00:00:00
user23,user17,12/12/2022 00:00:00
user33,user27,03/13/2022 00:00:00
user11,user27,08/11/2022 00:00:00
user14,user42,06/16/2022 00:00:00
user16,user50,02/11/2022 00:00:00
user45,user28,10/20/2022 00:00:00
user34,user10,04/26/2022 00:00:00
user24,user50,12/23/2022 00:00:00
user32,user36,03/06/2022 00:00:00
user10,user35,08/07/2022 00:00:00
user36,user32,04/30/2022 00:00:00
user29,user30,06/21/2022 00:00:00
user33,user42,03/31/2022 00:00:00
user3,user11,10/21/2022 00:00:00
user12,user33,09/24/2022 00:00:00
user23,user16,11/16/2022 00:00:00
user35,user11,07/25/2022 00:00:00
user43,user32,06/11/2022 00:00:00
user22,user2,11/06/2022 00:00:00
user15,user39,10/04/2022 00:00:00
user24,user15,03/17/2022 00:00:00
user8,user22,03/07/2022 00:00:00
user3,user21,07/14/2022 00:00:00
user45,user47,12/01/2022 00:00:00
user7,user38,12/10/2022 00:00:00
user20,user44,05/01/2022 00:00:00
user18,user9,12/03/2022 00:00:00
user10,user7,05/05/2022 00:00:00
user36,user27,09/19/2022 00:00:00
user6,user31,11/05/2022 00:00:00
user46,user24,06/30/2022 00:00:00
user43,user19,08/28/2022 00:00:00
user20,user24,08/12/2022 00:00:00
user29,user8,11/07/2022 00:00:00
user50,user49,02/20/2022 00:00:00
user4,user20,04/06/2022 00:00:00
user46,user3,08/27/2022 00:00:00
user44,user35,06/08/2022 00:00:00
user2,user8,07/23/2022 00:00:00
user40,user49,07/16/2022 00:00:00
user43,user50,04/30/2022 00:00:00
user28,user48,07/11/2022 00:00:00
user28,user21,07/25/2022 00:00:00
user28,user35,02/05/2022 00:00:00
user3,user41,09/12/2022 00:00:00
user2,user43,06/16/2022 00:00:00
user38,user33,09/08/2022 00:00:00
user21,user46,04/03/2022 00:00:00
user49,user47,06/10/2022 00:00:00
user41,user4,03/16/2022 00:00:00
user19,user44,06/02/2022 00:00:00
user49,user29,03/20/2022 00:00:00
user9,user25,07/11/2022 00:00:00
user21,user35,01/05/2022 00:00:00
user25,user37,11/12/2022 00:00:00
user19,user15,11/23/2022 00:00:00
user23,user49,01/26/2022 00:00:00
user31,user4,11/11/2022 00:00:00
user17,user44,10/17/2022 00:00:00
user28,user13,01/23/2022 00:00:00
user24,user47,03/19/2022 00:00:00
user5,user4,12/31/2022 00:00:00
user17,user18,09/20/2022 00:00:00
user20,user22,03/07/2022 00:00:00
user22,user35,05/19/2022 00:00:00
user32,user12,06/27/2022 00:00:00
user5,user7,04/20/2022 00:00:00
user32,user11,09/06/2022 00:00:00
user13,user31,11/07/2022 00:00:00
user50,user9,01/02/2022 00:00:00
user34,user45,07/09/2022 00:00:00
user19,user16,11/28/2022 00:00:00
user25,user13,01/29/2022 00:00:00
user36,user23,04/19/2022 00:00:00
user40,user34,05/14/2022 00:00:00
user9,user47,10/13/2022 00:00:00
user46,user20,10/13/2022 00:00:00
user10,user41,05/16/2022 00:00:00
user34,user39,04/15/2022 00:00:00
user14,user28,11/07/2022 00:00:00
user43,user33,03/10/2022 00:00:00
user22,user17,06/05/2022 00:00:00
user37,user29,08/23/2022 00:00:00
user18,user48,03/08/2022 00:00:00
user5,user46,04/25/2022 00:00:00
user28,user11,10/23/2022 00:00:00
user45,user12,12/02/2022 00:00:00
user35,user5,05/07/2022 00:00:00
user49,user39,01/02/2022 00:00:00
user50,user21,07/23/2022 00:00:00
user46,user41,06/27/2022 00:00:00
user8,user41,08/17/2022 00:00:00
user27,user6,05/01/2022 00:00:00
user44,user43,03/11/2022 00:00:00
user18,user23,01/15/2022 00:00:00
user25,user45,06/09/2022 00:00:00
user23,user15,11/10/2022 00:00:00
user38,user42,04/19/2022 00:00:00
user44,user6,01/21/2022 00:00:00
user49,user6,01/13/2022 00:00:00
user13,user28,05/12/2022 00:00:00
user17,user34,12/26/2022 00:00:00
user48,user11,04/04/2022 00:00:00
user32,user46,04/04/2022 00:00:00
user27,user37,08/26/2022 00:00:00
user25,user18,02/17/2022 00:00:00
user20,user46,08/04/2022 00:00:00
user28,user25,06/02/2022 00:00:00
user6,user45,09/25/2022 00:00:00
user20,user43,01/29/2022 00:00:00
user36,user35,07/22/2022 00:00:00
user35,user48,12/07/2022 00:00:00
user8,user12,01/04/2022 00:00:00
user9,user8,07/16/2022 00:00:00
user35,user42,10/24/2022 00:00:00
user32,user31,04/09/2022 00:00:00
user2,user31,09/18/2022 00:00:00
user19,user36,06/21/2022 00:00:00
user48,user47,09/03/2022 00:00:00
user35,user47,11/06/2022 00:00:00
user16,user23,02/12/2022 00:00:00
user3,user22,11/08/2022 00:00:00
user6,user27,04/05/2022 00:00:00
user37,user39,05/31/2022 00:00:00
user35,user29,11/10/2022 00:00:00
user34,user32,07/15/2022 00:00:00
user41,user48,12/07/2022 00:00:00
user28,user30,05/14/2022 00:00:00
user8,user11,07/19/2022 00:00:00
user42,user8,09/29/2022 00:00:00
user49,user41,07/25/2022 00:00:00
user32,user21,12/21/2022 00:00:00
user33,user32,06/26/2022 00:00:00
user23,user9,03/23/2022 00:00:00
user43,user38,03/11/2022 00:00:00
user3,user28,09/14/2022 00:00:00
user42,user22,11/10/2022 00:00:00
user49,user20,03/02/2022 00:00:00
user7,user40,02/08/2022 00:00:00
user36,user17,07/22/2022 00:00:00
user46,user42,03/01/2022 00:00:00
user37,user14,10/27/2022 00:00:00
user25,user36,03/14/2022 00:00:00
user50,user47,10/27/2022 00:00:00
user25,user38,01/02/2022 00:00:00
user8,user10,04/11/2022 00:00:00
user17,user46,06/23/2022 00:00:00
user19,user32,08/04/2022 00:00:00
user32,user43,10/06/2022 00:00:00
user50,user34,04/02/2022 00:00:00
user7,user26,09/06/2022 00:00:00
user11,user8,02/22/2022 00:00:00
user43,user49,07/20/2022 00:00:00
user48,user18,05/01/2022 00:00:00
user12,user42,08/06/2022 00:00:00
user21,user18,11/25/2022 00:00:00
user45,user31,01/01/2022 00:00:00
user44,user39,12/02/2022 00:00:00
user10,user5,11/01/2022 00:00:00
user38,user43,03/10/2022 00:00:00
user39,user46,11/26/2022 00:00:00
user21,user33,03/25/2022 00:00:00
user27,user35,09/08/2022 00:00:00
user17,user31,08/05/2022 00:00:00
user42,user4,01/03/2022 00:00:00
user7,user18,10/26/2022 00:00:00
user26,user33,09/17/2022 00:00:00
user5,user41,12/13/2022 00:00:00
user43,user16,08/26/2022 00:00:00
user44,user32,11/21/2022 00:00:00
user7,user45,05/20/2022 00:00:00
user13,user7,10/12/2022 00:00:00
user18,user41,01/31/2022 00:00:00
user20,user12,03/23/2022 00:00:00
user49,user32,05/05/2022 00:00:00
user45,user39,11/05/2022 00:00:00
user20,user28,05/18/2022 00:00:00
user32,user20,08/06/2022 00:00:00
user2,user33,03/09/2022 00:00:00
user29,user20,01/11/2022 00:00:00
user32,user30,07/08/2022 00:00:00
user32,user26,02/22/2022 00:00:00
user47,user49,07/15/2022 00:00:00
user37,user32,01/18/2022 00:00:00
user44,user20,12/25/2022 00:00:00
user22,user42,08/22/2022 00:00:00
user40,user20,07/16/2022 00:00:00
user49,user21,11/05/2022 00:00:00
user44,user46,05/06/2022 00:00:00
user2,user25,10/28/2022 00:00:00
user31,user36,10/11/2022 00:00:00
user28,user50,11/18/2022 00:00:00
user5,user30,01/05/2022 00:00:00
user14,user3,12/15/2022 00:00:00
user12,user39,03/29/2022 00:00:00
user11,user13,11/20/2022 00:00:00
user28,user39,02/15/2022 00:00:00
user43,user39,04/01/2022 00:00:00
user6,user14,06/05/2022 00:00:00
user6,user44,02/27/2022 00:00:00
user16,user40,07/27/2022 00:00:00
user45,user25,11/13/2022 00:00:00
user12,user48,10/11/2022 00:00:00
user13,user44,02/05/2022 00:00:00
user29,user5,09/09/2022 00:00:00
user19,user42,11/24/2022 00:00:00
user42,user14,07/14/2022 00:00:00
user24,user35,10/03/2022 00:00:00
user40,user8,05/08/2022 00:00:00
user13,user42,02/07/2022 00:00:00
user29,user2,05/29/2022 00:00:00
user14,user27,06/07/2022 00:00:00
user30,user22,09/13/2022 00:00:00
user16,user13,12/16/2022 00:00:00
user37,user18,09/06/2022 00:00:00
user4,user19,11/08/2022 00:00:00
user8,user17,01/18/2022 00:00:00
user42,user21,11/13/2022 00:00:00
user26,user41,12/17/2022 00:00:00
user25,user22,09/01/2022 00:00:00
user36,user45,07/02/2022 00:00:00
user43,user5,11/03/2022 00:00:00
user42,user24,11/25/2022 00:00:00
user30,user26,02/17/2022 00:00:00
user21,user23,09/18/2022 00:00:00
user33,user44,12/29/2022 00:00:00
user13,user4,03/22/2022 00:00:00
user30,user23,10/26/2022 00:00:00
user15,user44,12/23/2022 00:00:00
user16,user4,12/31/2022 00:00:00
user2,user48,05/10/2022 00:00:00
user3,user39,06/19/2022 00:00:00
user12,user6,06/27/2022 00:00:00
user14,user35,10/02/2022 00:00:00
user45,user3,07/07/2022 00:00:00
user6,user34,04/11/2022 00:00:00
user35,user15,07/17/2022 00:00:00
user12,user27,02/27/2022 00:00:00
user12,user5,02/15/2022 00:00:00
user6,user32,07/02/2022 00:00:00
user15,user40,11/24/2022 00:00:00
user17,user6,09/03/2022 00:00:00
user10,user28,03/04/2022 00:00:00
user46,user10,11/15/2022 00:00:00
user34,user9,05/25/2022 00:00:00
user32,user17,11/05/2022 00:00:00
user27,user14,07/24/2022 00:00:00
user6,user26,06/11/2022 00:00:00
user34,user27,12/21/2022 00:00:00
user42,user45,08/27/2022 00:00:00
user27,user50,02/09/2022 00:00:00
user21,user9,12/15/2022 00:00:00
user30,user49,08/30/2022 00:00:00
user34,user15,09/10/2022 00:00:00
user7,user23,02/08/2022 00:00:00
user30,user44,10/27/2022 00:00:00
user15,user12,03/02/2022 00:00:00
user33,user28,02/16/2022 00:00:00
user22,user23,11/21/2022 00:00:00
user21,user13,01/30/2022 00:00:00
user47,user39,09/07/2022 00:00:00
user6,user9,08/04/2022 00:00:00
user37,user26,06/20/2022 00:00:00
user24,user43,02/03/2022 00:00:00
user3,user33,12/22/2022 00:00:00
user22,user28,05/13/2022 00:00:00
user3,user4,10/24/2022 00:00:00
user12,user35,07/29/2022 00:00:00
user40,user44,09/16/2022 00:00:00
user15,user36,11/27/2022 00:00:00
user34,user38,11/22/2022 00:00:00
user44,user50,03/31/2022 00:00:00
user41,user30,03/19/2022 00:00:00
user21,user3,04/12/2022 00:00:00
user47,user38,01/20/2022 00:00:00
user25,user28,07/21/2022 00:00:00
user47,user32,02/08/2022 00:00:00
user7,user21,10/29/2022 00:00:00
user6,user17,08/14/2022 00:00:00
user15,user49,10/16/2022 00:00:00
user50,user6,08/01/2022 00:00:00
user7,user35,11/28/2022 00:00:00
user39,user23,08/02/2022 00:00:00
user10,user46,04/21/2022 00:00:00
user23,user20,01/21/2022 00:00:00
user6,user20,06/15/2022 00:00:00
user47,user36,06/18/2022 00:00:00
user30,user16,09/20/2022 00:00:00
user24,user46,01/17/2022 00:00:00
user8,user6,04/23/2022 00:00:00
user4,user17,10/08/2022 00:00:00
user42,user43,03/08/2022 00:00:00
user49,user30,07/26/2022 00:00:00
user40,user3,11/01/2022 00:00:00
user35,user22,09/11/2022 00:00:00
user18,user16,05/10/2022 00:00:00
user11,user10,12/13/2022 00:00:00
user41,user16,04/11/2022 00:00:00
user21,user2,03/08/2022 00:00:00
user8,user3,09/16/2022 00:00:00
user39,user4,05/23/2022 00:00:00
user15,user3,03/17/2022 00:00:00
user20,user14,02/01/2022 00:00:00
user47,user7,11/23/2022 00:00:00
user36,user20,02/14/2022 00:00:00
user42,user37,09/19/2022 00:00:00
user39,user20,07/25/2022 00:00:00
user40,user37,08/23/2022 00:00:00
user26,user17,10/02/2022 00:00:00
user45,user41,05/09/2022 00:00:00
user40,user10,08/01/2022 00:00:00
user36,user11,01/03/2022 00:00:00
user22,user33,05/23/2022 00:00:00
user27,user31,03/21/2022 00:00:00
user19,user2,12/21/2022 00:00:00
user34,user29,12/03/2022 00:00:00
user7,user19,10/18/2022 00:00:00
user24,user37,10/14/2022 00:00:00
user43,user31,02/28/2022 00:00:00
user44,user29,04/18/2022 00:00:00
user36,user25,05/25/2022 00:00:00
user11,user49,07/03/2022 00:00:00
user42,user36,05/08/2022 00:00:00
user19,user38,11/14/2022 00:00:00
user18,user38,06/06/2022 00:00:00
user11,user50,06/12/2022 00:00:00
user26,user16,07/26/2022 00:00:00
user37,user25,09/07/2022 00:00:00
user24,user21,06/11/2022 00:00:00
user5,user47,01/10/2022 00:00:00
user50,user33,04/14/2022 00:00:00
user14,user4,01/07/2022 00:00:00
user9,user28,03/24/2022 00:00:00
user43,user41,02/09/2022 00:00:00
user47,user37,10/31/2022 00:00:00
user4,user15,09/11/2022 00:00:00
user49,user16,12/09/2022 00:00:00
user11,user33,04/03/2022 00:00:00
user43,user28,04/12/2022 00:00:00
user29,user27,06/18/2022 00:00:00
user27,user2,01/13/2022 00:00:00
user22,user8,01/24/2022 00:00:00
user20,user4,03/14/2022 00:00:00
user10,user19,05/25/2022 00:00:00
user24,user19,04/05/2022 00:00:00
user33,user30,01/25/2022 00:00:00
user16,user28,03/30/2022 00:00:00
user40,user43,06/02/2022 00:00:00
user5,user28,11/23/2022 00:00:00
user5,user44,01/23/2022 00:00:00
user22,user5,02/05/2022 00:00:00
user14,user23,11/23/2022 00:00:00
user25,user5,08/05/2022 00:00:00
user23,user36,08/10/2022 00:00:00
user31,user33,06/07/2022 00:00:00
user8,user49,06/20/2022 00:00:00
user35,user24,08/27/2022 00:00:00
user9,user2,10/14/2022 00:00:00
user9,user10,06/23/2022 00:00:00
user18,user10,07/20/2022 00:00:00
user15,user31,04/08/2022 00:00:00
user43,user15,01/27/2022 00:00:00
user38,user25,07/22/2022 00:00:00
user37,user3,01/11/2022 00:00:00
user17,user25,05/03/2022 00:00:00
user14,user15,01/28/2022 00:00:00
user46,user50,09/07/2022 00:00:00
user2,user44,10/05/2022 00:00:00
user16,user18,08/15/2022 00:00:00
user23,user5,06/14/2022 00:00:00
user18,user46,05/11/2022 00:00:00
user36,user43,10/26/2022 00:00:00
user38,user47,03/22/2022 00:00:00
user48,user15,06/12/2022 00:00:00
user8,user18,12/19/2022 00:00:00
user39,user12,08/24/2022 00:00:00
user32,user45,01/26/2022 00:00:00
user21,user47,05/20/2022 00:00:00
user29,user45,01/10/2022 00:00:00
user22,user39,04/01/2022 00:00:00
user14,user6,02/07/2022 00:00:00
user29,user12,06/22/2022 00:00:00
user25,user41,07/26/2022 00:00:00
user8,user30,01/06/2022 00:00:00
user41,user3,09/29/2022 00:00:00
user32,user19,10/01/2022 00:00:00
user3,user43,11/28/2022 00:00:00
user14,user48,01/22/2022 00:00:00
user19,user26,10/03/2022 00:00:00
user33,user17,01/05/2022 00:00:00
user25,user20,02/02/2022 00:00:00
user7,user17,05/24/2022 00:00:00
user47,user33,05/25/2022 00:00:00
user37,user28,06/23/2022 00:00:00
user21,user24,10/27/2022 00:00:00
user33,user3,10/30/2022 00:00:00
user17,user38,02/19/2022 00:00:00
user27,user15,09/23/2022 00:00:00
user14,user33,07/04/2022 00:00:00
user31,user45,04/01/2022 00:00:00
user21,user32,06/22/2022 00:00:00
user18,user20,12/07/2022 00:00:00
user20,user10,04/20/2022 00:00:00
user44,user13,02/14/2022 00:00:00
user40,user22,05/28/2022 00:00:00
user43,user17,08/17/2022 00:00:00
user11,user26,05/11/2022 00:00:00
user21,user28,09/16/2022 00:00:00
user30,user34,10/05/2022 00:00:00
user14,user38,08/24/2022 00:00:00
user42,user34,08/14/2022 00:00:00
user46,user32,08/28/2022 00:00:00
user10,user34,02/19/2022 00:00:00
user48,user23,01/14/2022 00:00:00
user22,user48,12/17/2022 00:00:00
user18,user39,07/15/2022 00:00:00
user12,user9,05/22/2022 00:00:00
user41,user39,07/23/2022 00:00:00
user29,user17,04/14/2022 00:00:00
user25,user16,10/03/2022 00:00:00
user23,user13,09/05/2022 00:00:00
user28,user14,06/04/2022 00:00:00
user8,user31,07/17/2022 00:00:00
user15,user35,05/31/2022 00:00:00
user4,user29,07/02/2022 00:00:00
user41,user50,12/30/2022 00:00:00
user29,user28,04/17/2022 00:00:00
user22,user37,05/26/2022 00:00:00
user8,user15,10/12/2022 00:00:00
user12,user36,02/10/2022 00:00:00
user17,user10,02/11/2022 00:00:00
user40,user31,10/29/2022 00:00:00
user24,user39,07/01/2022 00:00:00
user24,user42,02/18/2022 00:00:00
user32,user37,01/22/2022 00:00:00
user26,user11,08/27/2022 00:00:00
user49,user14,02/09/2022 00:00:00
user37,user33,05/07/2022 00:00:00
user5,user40,05/04/2022 00:00:00
user39,user50,09/17/2022 00:00:00
user3,user20,05/14/2022 00:00:00
user41,user37,08/12/2022 00:00:00
user50,user8,07/23/2022 00:00:00
user22,user18,10/29/2022 00:00:00
user27,user39,11/20/2022 00:00:00
user41,user31,07/08/2022 00:00:00
user45,user13,06/11/2022 00:00:00
user24,user34,06/11/2022 00:00:00
user48,user4,02/12/2022 00:00:00
user9,user48,01/10/2022 00:00:00
user10,user33,10/14/2022 00:00:00
user8,user39,01/01/2023 00:00:00
user20,user30,12/04/2022 00:00:00
user33,user26,06/15/2022 00:00:00
user26,user48,08/22/2022 00:00:00
user46,user33,12/30/2022 00:00:00
user22,user15,10/16/2022 00:00:00
user50,user38,09/30/2022 00:00:00
user11,user15,07/24/2022 00:00:00
user48,user46,05/25/2022 00:00:00
user39,user29,11/10/2022 00:00:00
user36,user22,02/16/2022 00:00:00
user18,user45,08/03/2022 00:00:00
user24,user27,09/15/2022 00:00:00
user26,user8,09/02/2022 00:00:00
user48,user29,01/31/2022 00:00:00
user13,user30,11/16/2022 00:00:00
user30,user13,02/26/2022 00:00:00
user15,user9,10/12/2022 00:00:00
user14,user16,08/26/2022 00:00:00
user32,user41,07/03/2022 00:00:00
user25,user49,09/03/2022 00:00:00
user11,user38,05/01/2022 00:00:00
user21,user12,03/30/2022 00:00:00
user40,user48,12/11/2022 00:00:00
user32,user5,02/23/2022 00:00:00
user22,user43,02/01/2022 00:00:00
user37,user20,01/06/2022 00:00:00
user42,user9,10/25/2022 00:00:00
user46,user43,12/12/2022 00:00:00
user46,user47,05/27/2022 00:00:00
user33,user35,05/22/2022 00:00:00
user36,user9,04/08/2022 00:00:00
user8,user34,12/07/2022 00:00:00
user26,user50,06/22/2022 00:00:00
user5,user10,01/03/2022 00:00:00
user32,user9,01/20/2022 00:00:00
user12,user3,05/17/2022 00:00:00
user42,user44,10/18/2022 00:00:00
user40,user42,11/16/2022 00:00:00
user25,user47,01/07/2022 00:00:00
user8,user38,10/29/2022 00:00:00
user48,user12,10/10/2022 00:00:00
user38,user48,03/11/2022 00:00:00
user10,user22,11/13/2022 00:00:00
user24,user4,03/31/2022 00:00:00
user23,user2,01/10/2022 00:00:00
user42,user35,07/31/2022 00:00:00
user10,user2,09/17/2022 00:00:00
user30,user43,01/05/2022 00:00:00
user12,user11,07/04/2022 00:00:00
user27,user44,03/21/2022 00:00:00
user11,user41,06/13/2022 00:00:00
user30,user25,08/15/2022 00:00:00
user27,user29,05/16/2022 00:00:00
user27,user4,06/30/2022 00:00:00
user24,user20,10/30/2022 00:00:00
user41,user15,07/02/2022 00:00:00
user3,user35,06/12/2022 00:00:00
user26,user3,10/27/2022 00:00:00
user10,user43,09/25/2022 00:00:00
user47,user28,06/27/2022 00:00:00
user9,user22,03/12/2022 00:00:00
user49,user24,06/09/2022 00:00:00
user41,user35,03/31/2022 00:00:00
user2,user14,06/11/2022 00:00:00
user46,user35,03/18/2022 00:00:00
user33,user7,11/26/2022 00:00:00
user29,user31,05/06/2022 00:00:00
user43,user13,07/12/2022 00:00:00
user41,user21,06/28/2022 00:00:00
user47,user3,05/27/2022 00:00:00
user40,user29,10/17/2022 00:00:00
user45,user46,10/13/2022 00:00:00
user48,user10,08/23/2022 00:00:00
user8,user42,03/13/2022 00:00:00
user5,user21,06/20/2022 00:00:00
user29,user50,02/26/2022 00:00:00
user38,user22,04/29/2022 00:00:00
user32,user38,04/28/2022 00:00:00
user2,user16,04/25/2022 00:00:00
user39,user2,12/26/2022 00:00:00
user17,user14,05/15/2022 00:00:00
user30,user27,12/23/2022 00:00:00
user9,user27,12/14/2022 00:00:00
user7,user27,04/09/2022 00:00:00
user35,user20,02/28/2022 00:00:00
user35,user33,05/30/2022 00:00:00
user29,user42,11/13/2022 00:00:00
user19,user33,06/19/2022 00:00:00
user7,user24,01/02/2022 00:00:00
user48,user40,11/11/2022 00:00:00
user44,user5,10/24/2022 00:00:00
user49,user22,06/06/2022 00:00:00
user18,user43,02/06/2022 00:00:00
user44,user9,08/27/2022 00:00:00
user21,user27,05/08/2022 00:00:00
user8,user14,05/12/2022 00:00:00
user33,user22,08/19/2022 00:00:00
user41,user10,09/26/2022 00:00:00
user37,user42,11/30/2022 00:00:00
user8,user27,06/20/2022 00:00:00
user13,user20,01/07/2022 00:00:00
user36,user46,11/20/2022 00:00:00
user41,user43,11/18/2022 00:00:00
user10,user47,11/14/2022 00:00:00
user16,user25,01/29/2022 00:00:00
user13,user25,04/22/2022 00:00:00
user31,user9,05/13/2022 00:00:00
user18,user12,11/29/2022 00:00:00
user4,user30,05/06/2022 00:00:00
user27,user11,04/15/2022 00:00:00
user32,user16,11/29/2022 00:00:00
user17,user5,06/07/2022 00:00:00
user50,user27,03/24/2022 00:00:00
user25,user12,01/15/2022 00:00:00
user31,user8,12/02/2022 00:00:00
user48,user33,06/07/2022 00:00:00
user30,user48,05/12/2022 00:00:00
user19,user23,10/02/2022 00:00:00
user10,user50,01/03/2022 00:00:00
user29,user37,12/01/2022 00:00:00
user9,user35,07/08/2022 00:00:00
user30,user2,02/14/2022 00:00:00
user31,user6,11/01/2022 00:00:00
user6,user42,07/15/2022 00:00:00
user49,user25,03/20/2022 00:00:00
user36,user37,02/19/2022 00:00:00
user4,user25,08/18/2022 00:00:00
user19,user9,12/03/2022 00:00:00
user42,user47,09/18/2022 00:00:00
user39,user31,02/22/2022 00:00:00
user19,user47,12/04/2022 00:00:00
user20,user6,10/25/2022 00:00:00
user7,user34,05/23/2022 00:00:00
user10,user30,06/05/2022 00:00:00
user36,user5,05/26/2022 00:00:00
user14,user50,01/15/2022 00:00:00
user2,user42,09/21/2022 00:00:00
user26,user20,06/22/2022 00:00:00
user6,user24,04/29/2022 00:00:00
user29,user15,12/25/2022 00:00:00
user47,user26,07/28/2022 00:00:00
user16,user7,10/24/2022 00:00:00
user43,user3,12/20/2022 00:00:00
user38,user15,01/13/2022 00:00:00
user49,user48,04/08/2022 00:00:00
user27,user28,02/06/2022 00:00:00
user50,user28,09/13/2022 00:00:00
user39,user47,06/20/2022 00:00:00
user7,user20,01/28/2022 00:00:00
user10,user26,02/01/2022 00:00:00
user40,user26,05/27/2022 00:00:00
user22,user44,08/28/2022 00:00:00
user2,user6,01/12/2022 00:00:00
user15,user46,05/15/2022 00:00:00
user49,user13,10/07/2022 00:00:00
user47,user27,02/04/2022 00:00:00
user33,user15,08/30/2022 00:00:00
user22,user46,11/10/2022 00:00:00
user28,user32,06/20/2022 00:00:00
user8,user44,04/15/2022 00:00:00
user3,user13,12/25/2022 00:00:00
user20,user5,04/12/2022 00:00:00
user41,user23,01/01/2023 00:00:00
user12,user15,03/09/2022 00:00:00
user31,user40,03/21/2022 00:00:00
user31,user24,02/04/2022 00:00:00
user38,user17,07/06/2022 00:00:00
user19,user7,02/06/2022 00:00:00
user26,user2,01/12/2022 00:00:00
user40,user46,06/02/2022 00:00:00
user15,user23,01/16/2022 00:00:00
user19,user28,02/06/2022 00:00:00
user45,user43,03/14/2022 00:00:00
user9,user31,03/16/2022 00:00:00
user49,user40,01/22/2022 00:00:00
user32,user29,11/12/2022 00:00:00
user17,user43,01/23/2022 00:00:00
user27,user40,09/09/2022 00:00:00
user14,user39,04/24/2022 00:00:00
user41,user36,01/31/2022 00:00:00
user18,user6,09/28/2022 00:00:00
user20,user19,10/19/2022 00:00:00
user43,user45,12/19/2022 00:00:00
user6,user29,11/11/2022 00:00:00
user48,user39,12/01/2022 00:00:00
user35,user45,01/13/2022 00:00:00
user28,user18,01/26/2022 00:00:00
user31,user12,06/20/2022 00:00:00
user15,user28,06/08/2022 00:00:00
user32,user33,02/11/2022 00:00:00
user26,user34,11/22/2022 00:00:00
user41,user29,06/16/2022 00:00:00
user13,user6,09/19/2022 00:00:00
user15,user17,10/03/2022 00:00:00
user4,user36,10/25/2022 00:00:00
user40,user38,09/20/2022 00:00:00
user45,user24,01/09/2022 00:00:00
user13,user49,06/04/2022 00:00:00
user41,user22,08/04/2022 00:00:00
user25,user8,05/30/2022 00:00:00
user43,user7,07/08/2022 00:00:00
user20,user33,10/19/2022 00:00:00
user12,user18,12/05/2022 00:00:00
user31,user42,10/16/2022 00:00:00
user14,user10,04/19/2022 00:00:00
user40,user25,01/09/2022 00:00:00
user41,user9,06/18/2022 00:00:00
user45,user48,01/13/2022 00:00:00
user11,user42,12/28/2022 00:00:00
user47,user30,08/29/2022 00:00:00
user15,user25,08/14/2022 00:00:00
user26,user36,07/18/2022 00:00:00
user11,user5,01/24/2022 00:00:00
user5,user24,11/30/2022 00:00:00
user13,user33,09/22/2022 00:00:00
user2,user4,12/29/2022 00:00:00
user21,user43,10/20/2022 00:00:00
user31,user11,04/12/2022 00:00:00
user27,user18,01/04/2022 00:00:00
user2,user28,08/02/2022 00:00:00
user24,user36,03/12/2022 00:00:00
user19,user20,03/05/2022 00:00:00
user35,user7,02/25/2022 00:00:00
user47,user19,10/03/2022 00:00:00
user41,user28,03/09/2022 00:00:00
user29,user43,03/10/2022 00:00:00
user18,user31,10/12/2022 00:00:00
user30,user7,07/31/2022 00:00:00
user34,user20,06/11/2022 00:00:00
user18,user32,10/21/2022 00:00:00
user33,user21,03/31/2022 00:00:00
user37,user24,11/01/2022 00:00:00
user26,user12,07/27/2022 00:00:00
user25,user17,12/06/2022 00:00:00
user34,user49,08/29/2022 00:00:00
user2,user38,09/23/2022 00:00:00
user19,user40,11/28/2022 00:00:00
user27,user20,04/25/2022 00:00:00
user42,user40,12/15/2022 00:00:00
user39,user49,07/04/2022 00:00:00
user32,user47,04/10/2022 00:00:00
user36,user29,07/20/2022 00:00:00
user26,user32,12/18/2022 00:00:00
user48,user44,11/05/2022 00:00:00
user4,user50,05/08/2022 00:00:00
user35,user37,05/22/2022 00:00:00
user38,user23,07/13/2022 00:00:00
user33,user43,05/14/2022 00:00:00
user3,user27,09/04/2022 00:00:00
user33,user9,09/17/2022 00:00:00
user48,user14,02/23/2022 00:00:00
user2,user7,02/14/2022 00:00:00
user39,user27,10/27/2022 00:00:00
user38,user46,12/06/2022 00:00:00
user4,user40,10/08/2022 00:00:00
user3,user40,11/02/2022 00:00:00
user2,user15,12/23/2022 00:00:00
user22,user29,02/19/2022 00:00:00
user35,user2,09/15/2022 00:00:00
user27,user47,06/22/2022 00:00:00
user26,user44,07/06/2022 00:00:00
user12,user26,10/28/2022 00:00:00
user33,user24,11/03/2022 00:00:00
user47,user25,07/07/2022 00:00:00
user29,user35,01/15/2022 00:00:00
user9,user49,07/07/2022 00:00:00
user39,user5,04/27/2022 00:00:00
user31,user29,11/27/2022 00:00:00
user4,user8,03/04/2022 00:00:00
user19,user45,09/17/2022 00:00:00
user11,user7,12/21/2022 00:00:00
user19,user25,12/07/2022 00:00:00
user9,user38,11/25/2022 00:00:00
user46,user49,06/27/2022 00:00:00
user12,user2,12/10/2022 00:00:00
user46,user25,01/29/2022 00:00:00
user11,user4,10/03/2022 00:00:00
user5,user35,03/22/2022 00:00:00
user34,user6,01/02/2022 00:00:00
user46,user37,05/13/2022 00:00:00
user48,user16,01/06/2022 00:00:00
user48,user38,07/18/2022 00:00:00
user18,user8,09/26/2022 00:00:00
user24,user8,08/03/2022 00:00:00
user18,user5,12/01/2022 00:00:00
user38,user7,07/30/2022 00:00:00
user27,user33,10/06/2022 00:00:00
user8,user35,09/30/2022 00:00:00
user9,user42,12/06/2022 00:00:00
user36,user14,07/01/2022 00:00:00
user49,user34,06/13/2022 00:00:00
user14,user29,09/12/2022 00:00:00
user25,user14,11/02/2022 00:00:00
user21,user42,02/13/2022 00:00:00
user11,user47,06/24/2022 00:00:00
user49,user36,01/02/2022 00:00:00
user29,user4,04/27/2022 00:00:00
user8,user23,11/25/2022 00:00:00
user5,user11,10/01/2022 00:00:00
user44,user21,05/17/2022 00:00:00
user48,user34,08/10/2022 00:00:00
user14,user45,03/20/2022 00:00:00
user50,user32,05/13/2022 00:00:00
user35,user46,10/31/2022 00:00:00
user11,user29,08/25/2022 00:00:00
user34,user11,01/28/2022 00:00:00
user18,user14,01/15/2022 00:00:00
user17,user35,07/01/2022 00:00:00
user21,user34,11/05/2022 00:00:00
user26,user13,12/16/2022 00:00:00
user11,user22,08/09/2022 00:00:00
user14,user46,11/06/2022 00:00:00
user16,user2,06/08/2022 00:00:00
user28,user45,06/13/2022 00:00:00
user44,user22,08/30/2022 00:00:00
user21,user26,10/16/2022 00:00:00
user36,user12,01/20/2022 00:00:00
user28,user8,10/04/2022 00:00:00
user10,user15,08/08/2022 00:00:00
user44,user19,12/13/2022 00:00:00
user15,user6,08/24/2022 00:00:00
user35,user17,03/29/2022 00:00:00
user8,user5,05/08/2022 00:00:00
user48,user25,12/27/2022 00:00:00
user36,user47,06/10/2022 00:00:00
user38,user10,11/26/2022 00:00:00
user17,user37,10/19/2022 00:00:00
user44,user3,06/21/2022 00:00:00
user38,user45,02/26/2022 00:00:00
user21,user10,01/28/2022 00:00:00
user11,user30,09/21/2022 00:00:00
user7,user43,06/01/2022 00:00:00
user3,user14,07/31/2022 00:00:00
user40,user17,10/13/2022 00:00:00
user5,user26,11/20/2022 00:00:00
user4,user27,07/17/2022 00:00:00
user38,user21,06/21/2022 00:00:00
user7,user9,04/23/2022 00:00:00
user11,user43,03/24/2022 00:00:00
user7,user49,09/03/2022 00:00:00
user11,user28,04/09/2022 00:00:00
user11,user46,09/28/2022 00:00:00
user30,user42,04/07/2022 00:00:00
user31,user32,09/08/2022 00:00:00
user7,user15,01/20/2022 00:00:00
user4,user14,01/09/2022 00:00:00
user13,user16,09/26/2022 00:00:00
user7,user28,03/14/2022 00:00:00
user6,user16,12/02/2022 00:00:00
user29,user39,03/14/2022 00:00:00
user37,user10,10/02/2022 00:00:00
user25,user32,06/17/2022 00:00:00
user34,user5,09/04/2022 00:00:00
user46,user11,09/10/2022 00:00:00
user13,user26,09/26/2022 00:00:00
user27,user22,10/18/2022 00:00:00
user38,user11,08/08/2022 00:00:00
user23,user35,01/30/2022 00:00:00
user23,user3,07/04/2022 00:00:00
user34,user46,02/25/2022 00:00:00
user39,user8,12/11/2022 00:00:00
user20,user31,12/29/2022 00:00:00
user27,user10,11/03/2022 00:00:00
user15,user7,05/07/2022 00:00:00
user13,user43,08/01/2022 00:00:00
user9,user34,10/07/2022 00:00:00
user3,user24,11/27/2022 00:00:00
user11,user32,04/26/2022 00:00:00
user31,user18,08/13/2022 00:00:00
user44,user28,03/27/2022 00:00:00
user5,user38,07/26/2022 00:00:00
user19,user6,11/15/2022 00:00:00
user36,user26,09/04/2022 00:00:00
user18,user36,12/19/2022 00:00:00
user3,user15,01/05/2022 00:00:00
user25,user34,04/15/2022 00:00:00
user16,user41,12/06/2022 00:00:00
user44,user23,09/01/2022 00:00:00
user9,user6,07/13/2022 00:00:00
user6,user11,05/16/2022 00:00:00
user39,user11,10/21/2022 00:00:00
user5,user2,08/10/2022 00:00:00
user37,user49,03/22/2022 00:00:00
user22,user3,06/17/2022 00:00:00
user3,user46,06/27/2022 00:00:00
user47,user44,11/15/2022 00:00:00
user15,user21,01/02/2022 00:00:00
user25,user2,04/21/2022 00:00:00
user7,user22,09/14/2022 00:00:00
user23,user32,04/16/2022 00:00:00
user8,user32,04/28/2022 00:00:00
user47,user48,12/25/2022 00:00:00
user46,user5,06/08/2022 00:00:00
user42,user5,06/07/2022 00:00:00
user37,user48,02/08/2022 00:00:00
user5,user8,02/02/2022 00:00:00
user9,user41,02/21/2022 00:00:00
user47,user43,12/18/2022 00:00:00
user22,user16,07/26/2022 00:00:00
user30,user38,06/12/2022 00:00:00
user19,user35,03/22/2022 00:00:00
user4,user48,09/11/2022 00:00:00
user25,user26,11/16/2022 00:00:00
user19,user29,09/23/2022 00:00:00
user10,user39,10/18/2022 00:00:00
user37,user40,03/27/2022 00:00:00
user21,user38,11/10/2022 00:00:00
user14,user37,10/25/2022 00:00:00
user14,user30,01/13/2022 00:00:00
user2,user20,11/16/2022 00:00:00
user36,user7,04/05/2022 00:00:00
user20,user42,07/04/2022 00:00:00
user30,user50,02/21/2022 00:00:00
user19,user27,06/05/2022 00:00:00
user31,user47,04/14/2022 00:00:00
user41,user46,01/07/2022 00:00:00
user38,user29,02/25/2022 00:00:00
user7,user32,07/23/2022 00:00:00
user8,user36,05/08/2022 00:00:00
user37,user41,06/20/2022 00:00:00
user44,user15,01/25/2022 00:00:00
user13,user34,09/22/2022 00:00:00
user11,user44,07/10/2022 00:00:00
user22,user14,07/04/2022 00:00:00
user26,user38,08/09/2022 00:00:00
user18,user2,06/18/2022 00:00:00
user44,user24,06/30/2022 00:00:00
user15,user29,02/10/2022 00:00:00
user11,user21,09/19/2022 00:00:00
user34,user24,07/11/2022 00:00:00
user4,user31,11/09/2022 00:00:00
user19,user12,06/04/2022 00:00:00
user4,user11,05/04/2022 00:00:00
user34,user19,09/04/2022 00:00:00
user36,user16,03/06/2022 00:00:00
user23,user43,10/12/2022 00:00:00
user46,user6,05/17/2022 00:00:00
user39,user37,04/28/2022 00:00:00
user49,user7,03/07/2022 00:00:00
user23,user45,01/21/2022 00:00:00
user44,user33,10/11/2022 00:00:00
user32,user39,06/22/2022 00:00:00
user48,user5,06/21/2022 00:00:00
user12,user47,06/27/2022 00:00:00
user30,user21,03/07/2022 00:00:00
user22,user19,08/29/2022 00:00:00
user8,user33,09/16/2022 00:00:00
user13,user27,03/16/2022 00:00:00
user44,user45,12/10/2022 00:00:00
user36,user42,11/16/2022 00:00:00
user42,user10,07/31/2022 00:00:00
user17,user29,02/13/2022 00:00:00
user28,user22,10/05/2022 00:00:00
user33,user48,10/05/2022 00:00:00
user18,user28,02/21/2022 00:00:00
user18,user4,10/30/2022 00:00:00
user37,user38,09/28/2022 00:00:00
user9,user3,10/21/2022 00:00:00
user43,user10,09/05/2022 00:00:00
user24,user9,10/01/2022 00:00:00
user39,user34,05/08/2022 00:00:00
user17,user40,07/04/2022 00:00:00
user8,user40,01/11/2022 00:00:00
user23,user33,05/31/2022 00:00:00
user45,user19,06/01/2022 00:00:00
user38,user37,07/19/2022 00:00:00
user16,user15,09/21/2022 00:00:00
user7,user2,01/08/2022 00:00:00
user41,user17,02/12/2022 00:00:00
user27,user13,02/01/2022 00:00:00
user47,user22,07/29/2022 00:00:00
user50,user41,09/16/2022 00:00:00
user39,user13,09/30/2022 00:00:00
user5,user12,08/23/2022 00:00:00
user10,user45,05/25/2022 00:00:00
user48,user7,10/08/2022 00:00:00
user11,user9,01/05/2022 00:00:00
user22,user49,03/19/2022 00:00:00
user47,user8,09/20/2022 00:00:00
user25,user6,07/18/2022 00:00:00
user28,user3,12/22/2022 00:00:00
user27,user17,03/02/2022 00:00:00
user46,user14,10/20/2022 00:00:00
user19,user14,10/02/2022 00:00:00
user37,user17,12/14/2022 00:00:00
user23,user46,09/10/2022 00:00:00
user34,user23,09/03/2022 00:00:00
user16,user20,03/01/2022 00:00:00
user28,user27,08/17/2022 00:00:00
user50,user13,03/27/2022 00:00:00
user47,user21,10/13/2022 00:00:00
user10,user3,06/07/2022 00:00:00
user48,user37,09/02/2022 00:00:00
user4,user28,10/08/2022 00:00:00
user45,user44,10/27/2022 00:00:00
user2,user41,12/14/2022 00:00:00
user3,user16,11/17/2022 00:00:00
user36,user24,11/03/2022 00:00:00
user15,user18,10/01/2022 00:00:00
user41,user18,06/25/2022 00:00:00
user36,user15,04/04/2022 00:00:00
user40,user6,12/29/2022 00:00:00
user17,user9,05/19/2022 00:00:00
user48,user9,05/28/2022 00:00:00
user17,user26,12/08/2022 00:00:00
user32,user6,12/18/2022 00:00:00
user12,user8,07/19/2022 00:00:00
user42,user18,04/25/2022 00:00:00
user29,user13,11/11/2022 00:00:00
user50,user20,01/29/2022 00:00:00
user14,user21,07/22/2022 00:00:00
user24,user13,12/05/2022 00:00:00
user20,user15,05/31/2022 00:00:00
user33,user8,09/27/2022 00:00:00
user34,user41,02/17/2022 00:00:00
user24,user3,04/15/2022 00:00:00
user12,user30,02/23/2022 00:00:00
user9,user46,06/14/2022 00:00:00
user35,user34,01/01/2022 00:00:00
user13,user2,07/09/2022 00:00:00
user12,user23,06/15/2022 00:00:00
user9,user29,08/20/2022 00:00:00
user50,user2,08/25/2022 00:00:00
user20,user40,04/07/2022 00:00:00
user25,user27,06/18/2022 00:00:00
user25,user19,12/08/2022 00:00:00
user18,user15,01/11/2022 00:00:00
user31,user34,03/31/2022 00:00:00
user24,user7,04/05/2022 00:00:00
user19,user18,09/10/2022 00:00:00
user26,user39,10/20/2022 00:00:00
user14,user47,05/02/2022 00:00:00
user9,user26,04/07/2022 00:00:00
user35,user40,12/01/2022 00:00:00
user39,user40,10/12/2022 00:00:00
user35,user13,01/14/2022 00:00:00
user17,user24,07/07/2022 00:00:00
user29,user48,06/09/2022 00:00:00
user37,user16,03/28/2022 00:00:00
user32,user44,10/23/2022 00:00:00
user44,user27,03/16/2022 00:00:00
user29,user24,05/24/2022 00:00:00
user41,user24,10/25/2022 00:00:00
user17,user50,04/20/2022 00:00:00
user24,user5,04/30/2022 00:00:00
user26,user23,06/19/2022 00:00:00
user38,user13,03/27/2022 00:00:00
user49,user37,11/09/2022 00:00:00
user19,user4,09/30/2022 00:00:00
user12,user17,10/26/2022 00:00:00
user25,user3,10/02/2022 00:00:00
user13,user5,07/04/2022 00:00:00
user5,user29,12/18/2022 00:00:00
user13,user47,08/12/2022 00:00:00
user35,user18,04/06/2022 00:00:00
user23,user41,03/22/2022 00:00:00
user29,user47,04/25/2022 00:00:00
user11,user19,11/18/2022 00:00:00
user8,user2,02/24/2022 00:00:00
user18,user27,04/30/2022 00:00:00
user50,user12,02/22/2022 00:00:00
user31,user17,10/14/2022 00:00:00
user39,user15,03/27/2022 00:00:00
user43,user22,07/11/2022 00:00:00
user30,user33,08/26/2022 00:00:00
user19,user34,10/23/2022 00:00:00
user26,user40,09/01/2022 00:00:00
user25,user31,04/28/2022 00:00:00
user48,user36,04/06/2022 00:00:00
user33,user39,02/04/2022 00:00:00
user34,user47,11/23/2022 00:00:00
user28,user46,10/12/2022 00:00:00
user3,user23,03/08/2022 00:00:00
user5,user33,11/23/2022 00:00:00
user24,user14,03/04/2022 00:00:00
user36,user19,06/22/2022 00:00:00
user15,user24,07/29/2022 00:00:00
user7,user11,09/13/2022 00:00:00
user21,user48,08/15/2022 00:00:00
user20,user36,10/19/2022 00:00:00
user16,user49,09/09/2022 00:00:00
user46,user40,07/11/2022 00:00:00
user9,user40,09/03/2022 00:00:00
user11,user14,09/07/2022 00:00:00
user33,user6,11/25/2022 00:00:00
user49,user28,06/07/2022 00:00:00
user24,user17,12/31/2022 00:00:00
user13,user22,03/04/2022 00:00:00
user10,user20,09/08/2022 00:00:00
user11,user12,09/10/2022 00:00:00
user11,user37,08/19/2022 00:00:00
user15,user43,05/05/2022 00:00:00
user41,user8,01/23/2022 00:00:00
user50,user39,12/05/2022 00:00:00
user36,user33,02/27/2022 00:00:00
user14,user17,10/27/2022 00:00:00
user15,user48,05/05/2022 00:00:00
user9,user43,11/27/2022 00:00:00
user15,user41,02/21/2022 00:00:00
user9,user44,03/13/2022 00:00:00
user24,user25,03/11/2022 00:00:00
user2,user17,01/23/2022 00:00:00
user4,user21,11/12/2022 00:00:00
user49,user27,02/21/2022 00:00:00
user12,user49,11/18/2022 00:00:00
user41,user44,04/08/2022 00:00:00
user50,user23,07/16/2022 00:00:00
user25,user21,02/19/2022 00:00:00
user27,user23,07/24/2022 00:00:00
user47,user31,08/18/2022 00:00:00
user41,user34,02/05/2022 00:00:00
user43,user35,09/04/2022 00:00:00
user44,user8,02/05/2022 00:00:00
user35,user27,12/03/2022 00:00:00
user26,user7,09/12/2022 00:00:00
user7,user37,05/01/2022 00:00:00
user45,user14,11/27/2022 00:00:00
user3,user9,10/29/2022 00:00:00
user4,user46,02/24/2022 00:00:00
user49,user43,06/10/2022 00:00:00
user22,user20,12/22/2022 00:00:00
user17,user12,04/20/2022 00:00:00
user14,user41,06/07/2022 00:00:00
user20,user38,10/30/2022 00:00:00
user21,user37,03/09/2022 00:00:00
user44,user48,06/18/2022 00:00:00
user44,user38,01/24/2022 00:00:00
user5,user20,01/13/2022 00:00:00
user6,user22,07/01/2022 00:00:00
user24,user18,07/28/2022 00:00:00
user32,user24,08/12/2022 00:00:00
user31,user16,06/24/2022 00:00:00
user31,user44,11/15/2022 00:00:00
user21,user39,10/26/2022 00:00:00
user7,user10,08/13/2022 00:00:00
user34,user50,02/28/2022 00:00:00
user8,user21,03/03/2022 00:00:00
user22,user25,10/31/2022 00:00:00
user33,user46,01/13/2022 00:00:00
user30,user3,05/03/2022 00:00:00
user8,user7,03/30/2022 00:00:00
user47,user29,07/14/2022 00:00:00
user21,user14,01/24/2022 00:00:00
user36,user18,06/26/2022 00:00:00
user30,user17,06/16/2022 00:00:00
user13,user50,06/05/2022 00:00:00
user47,user2,01/01/2022 00:00:00
user43,user48,09/13/2022 00:00:00
user48,user27,09/26/2022 00:00:00
user29,user33,12/30/2022 00:00:00
user40,user30,05/30/2022 00:00:00
user43,user47,03/19/2022 00:00:00
user18,user34,07/24/2022 00:00:00
user36,user41,01/14/2022 00:00:00
user33,user2,07/12/2022 00:00:00
user11,user23,01/12/2022 00:00:00
user6,user4,02/02/2022 00:00:00
user32,user15,12/08/2022 00:00:00
user40,user19,06/24/2022 00:00:00
user13,user8,02/25/2022 00:00:00
user3,user37,09/22/2022 00:00:00
user5,user15,01/09/2022 00:00:00
user33,user18,06/29/2022 00:00:00
user49,user5,02/09/2022 00:00:00
user45,user40,05/10/2022 00:00:00
user39,user9,06/22/2022 00:00:00
user45,user32,09/02/2022 00:00:00
user19,user11,12/30/2022 00:00:00
user16,user42,03/27/2022 00:00:00
user28,user10,04/19/2022 00:00:00
user18,user11,09/13/2022 00:00:00
user9,user5,08/10/2022 00:00:00
user32,user40,03/13/2022 00:00:00
user42,user46,09/28/2022 00:00:00
user10,user14,11/18/2022 00:00:00
user49,user3,12/06/2022 00:00:00
user13,user12,10/22/2022 00:00:00
user49,user31,10/22/2022 00:00:00
user41,user49,03/24/2022 00:00:00
user12,user24,12/10/2022 00:00:00
user15,user26,09/21/2022 00:00:00
user15,user16,12/27/2022 00:00:00
user34,user13,03/07/2022 00:00:00
user25,user44,07/11/2022 00:00:00
user50,user42,03/19/2022 00:00:00
user38,user40,03/26/2022 00:00:00
user31,user22,11/10/2022 00:00:00
user16,user36,07/29/2022 00:00:00
user35,user36,12/23/2022 00:00:00
user47,user15,11/30/2022 00:00:00
user50,user17,05/05/2022 00:00:00
user6,user3,11/11/2022 00:00:00
user35,user23,08/14/2022 00:00:00
user12,user14,01/09/2022 00:00:00
user26,user46,02/19/2022 00:00:00
user37,user27,08/08/2022 00:00:00
user17,user16,02/24/2022 00:00:00
user13,user36,12/29/2022 00:00:00
user40,user36,08/30/2022 00:00:00
user5,user43,06/06/2022 00:00:00
user42,user25,04/11/2022 00:00:00
user47,user35,02/09/2022 00:00:00
user44,user42,07/31/2022 00:00:00
user13,user9,02/07/2022 00:00:00
user27,user3,09/15/2022 00:00:00
user14,user11,03/20/2022 00:00:00
user7,user39,04/28/2022 00:00:00
user30,user31,06/03/2022 00:00:00
user47,user42,06/05/2022 00:00:00
user36,user6,12/25/2022 00:00:00
user40,user50,03/09/2022 00:00:00
user9,user30,08/06/2022 00:00:00
user2,user29,09/24/2022 00:00:00
user18,user26,10/17/2022 00:00:00
user28,user47,07/29/2022 00:00:00
user17,user36,04/21/2022 00:00:00
user21,user4,12/27/2022 00:00:00
user7,user41,11/28/2022 00:00:00
user3,user48,06/04/2022 00:00:00
user4,user42,04/23/2022 00:00:00
user32,user8,08/11/2022 00:00:00
user22,user30,05/23/2022 00:00:00
user3,user36,07/05/2022 00:00:00
user28,user16,01/13/2022 00:00:00
user15,user19,11/16/2022 00:00:00
user22,user38,05/30/2022 00:00:00
user34,user42,12/09/2022 00:00:00
user40,user39,09/01/2022 00:00:00
user23,user42,05/27/2022 00:00:00
user6,user12,05/15/2022 00:00:00
user5,user13,05/09/2022 00:00:00
user38,user30,05/04/2022 00:00:00
user34,user33,03/31/2022 00:00:00
user10,user11,01/05/2022 00:00:00
user47,user13,05/12/2022 00:00:00
user14,user24,10/20/2022 00:00:00
user42,user16,08/23/2022 00:00:00
user26,user21,04/17/2022 00:00:00
user2,user37,12/06/2022 00:00:00
user24,user32,05/10/2022 00:00:00
user16,user37,02/01/2022 00:00:00
user37,user35,09/08/2022 00:00:00
user42,user30,01/08/2022 00:00:00
user7,user4,05/10/2022 00:00:00
user35,user32,03/25/2022 00:00:00
user25,user7,11/22/2022 00:00:00
user9,user18,11/07/2022 00:00:00
user23,user27,05/17/2022 00:00:00
user22,user21,01/29/2022 00:00:00
user38,user14,04/19/2022 00:00:00
user38,user3,02/18/2022 00:00:00
user9,user4,10/27/2022 00:00:00
user16,user9,08/20/2022 00:00:00
user34,user17,03/03/2022 00:00:00
user2,user18,07/05/2022 00:00:00
user9,user50,08/02/2022 00:00:00
user6,user37,09/25/2022 00:00:00
user3,user5,06/23/2022 00:00:00
user29,user22,02/26/2022 00:00:00
user6,user18,07/27/2022 00:00:00
user5,user18,03/03/2022 00:00:00
user43,user2,05/22/2022 00:00:00
user24,user16,06/05/2022 00:00:00
user42,user3,08/15/2022 00:00:00
user41,user14,10/23/2022 00:00:00
user45,user50,03/19/2022 00:00:00
user27,user19,07/01/2022 00:00:00
user21,user49,06/06/2022 00:00:00
user2,user10,08/23/2022 00:00:00
user45,user42,05/01/2022 00:00:00
user48,user22,08/12/2022 00:00:00
user14,user18,11/13/2022 00:00:00
user3,user17,12/02/2022 00:00:00
user24,user44,12/02/2022 00:00:00
user8,user45,08/03/2022 00:00:00
user13,user45,06/18/2022 00:00:00
user17,user19,06/04/2022 00:00:00
user37,user30,09/04/2022 00:00:00
user24,user23,10/05/2022 00:00:00
user2,user30,10/10/2022 00:00:00
user30,user11,09/10/2022 00:00:00
user16,user11,07/29/2022 00:00:00
user38,user44,08/02/2022 00:00:00
user48,user24,11/30/2022 00:00:00
user2,user13,05/27/2022 00:00:00
user48,user26,08/30/2022 00:00:00
user44,user10,09/28/2022 00:00:00
user8,user24,05/22/2022 00:00:00
user43,user29,02/27/2022 00:00:00
user27,user5,04/22/2022 00:00:00
user33,user20,09/22/2022 00:00:00
user7,user6,02/15/2022 00:00:00
user50,user18,05/10/2022 00:00:00
user15,user4,11/06/2022 00:00:00
user2,user36,12/04/2022 00:00:00
user8,user43,03/31/2022 00:00:00
user2,user23,12/05/2022 00:00:00
user46,user9,04/01/2022 00:00:00
user37,user22,09/04/2022 00:00:00
user45,user30,12/26/2022 00:00:00
user12,user28,01/11/2022 00:00:00
user36,user28,09/29/2022 00:00:00
user49,user46,11/08/2022 00:00:00
user16,user8,07/07/2022 00:00:00
user32,user3,05/13/2022 00:00:00
user29,user41,06/21/2022 00:00:00
user26,user6,03/19/2022 00:00:00
user27,user46,09/06/2022 00:00:00
user13,user11,07/29/2022 00:00:00
user46,user30,03/28/2022 00:00:00
user15,user14,03/16/2022 00:00:00
user13,user19,08/23/2022 00:00:00
user41,user12,06/01/2022 00:00:00
user48,user13,04/28/2022 00:00:00
user13,user39,10/11/2022 00:00:00
user35,user26,10/11/2022 00:00:00
user5,user6,01/20/2022 00:00:00
user30,user24,10/18/2022 00:00:00
user34,user12,04/11/2022 00:00:00
user27,user25,10/17/2022 00:00:00
user18,user44,03/10/2022 00:00:00
user40,user35,11/23/2022 00:00:00
user43,user34,10/27/2022 00:00:00
user23,user38,10/28/2022 00:00:00
user28,user9,12/15/2022 00:00:00
user32,user27,07/29/2022 00:00:00
user36,user31,07/04/2022 00:00:00
user38,user24,03/03/2022 00:00:00
user32,user48,05/23/2022 00:00:00
user46,user17,05/27/2022 00:00:00
user47,user6,07/25/2022 00:00:00
user39,user33,01/04/2022 00:00:00
user35,user6,06/29/2022 00:00:00
user50,user10,10/05/2022 00:00:00
user20,user26,10/29/2022 00:00:00
user25,user40,04/22/2022 00:00:00
user10,user16,03/13/2022 00:00:00
user29,user11,03/07/2022 00:00:00
user23,user4,11/26/2022 00:00:00
user17,user33,02/24/2022 00:00:00
user42,user17,06/01/2022 00:00:00
user20,user8,01/10/2022 00:00:00
user9,user33,04/24/2022 00:00:00
user12,user45,06/01/2022 00:00:00
user45,user17,11/04/2022 00:00:00
user10,user6,05/24/2022 00:00:00
user14,user5,02/28/2022 00:00:00
user40,user2,01/22/2022 00:00:00
user2,user40,04/22/2022 00:00:00
user37,user5,05/09/2022 00:00:00
user30,user28,01/14/2022 00:00:00
user39,user17,03/04/2022 00:00:00
user16,user6,07/31/2022 00:00:00
user28,user36,07/26/2022 00:00:00
user20,user32,10/30/2022 00:00:00
user24,user6,08/31/2022 00:00:00
user31,user14,02/06/2022 00:00:00
user16,user38,09/19/2022 00:00:00
user14,user31,05/10/2022 00:00:00
user11,user25,08/31/2022 00:00:00
user37,user4,08/13/2022 00:00:00
user2,user22,08/07/2022 00:00:00
user7,user44,01/15/2022 00:00:00
user48,user3,04/09/2022 00:00:00
user15,user34,06/27/2022 00:00:00
user30,user47,06/20/2022 00:00:00
user28,user6,08/19/2022 00:00:00
user28,user12,06/25/2022 00:00:00
user20,user45,07/23/2022 00:00:00
user12,user7,05/21/2022 00:00:00
user43,user12,05/28/2022 00:00:00
user10,user40,08/10/2022 00:00:00
user4,user34,10/24/2022 00:00:00
user3,user49,09/03/2022 00:00:00
user13,user46,01/26/2022 00:00:00
user28,user29,10/27/2022 00:00:00
user39,user16,01/17/2022 00:00:00
user23,user18,07/15/2022 00:00:00
user37,user11,10/31/2022 00:00:00
user44,user18,01/01/2022 00:00:00
user42,user33,09/14/2022 00:00:00
user22,user11,03/17/2022 00:00:00
user36,user38,04/10/2022 00:00:00
user32,user4,10/11/2022 00:00:00
user47,user12,12/18/2022 00:00:00
user11,user35,12/07/2022 00:00:00
user15,user50,08/10/2022 00:00:00
user21,user41,12/02/2022 00:00:00
user33,user11,03/11/2022 00:00:00
user50,user5,07/20/2022 00:00:00
user35,user12,05/10/2022 00:00:00
user5,user31,04/01/2022 00:00:00
user6,user10,07/09/2022 00:00:00
user20,user18,05/30/2022 00:00:00
user2,user5,11/18/2022 00:00:00
user5,user9,06/14/2022 00:00:00
user49,user9,03/25/2022 00:00:00
user28,user34,04/27/2022 00:00:00
user48,user35,12/24/2022 00:00:00
user12,user40,09/04/2022 00:00:00
user16,user33,07/20/2022 00:00:00
user10,user25,03/06/2022 00:00:00
user35,user44,10/16/2022 00:00:00
user39,user30,07/27/2022 00:00:00
user31,user13,05/31/2022 00:00:00
user27,user16,05/13/2022 00:00:00
user12,user16,08/18/2022 00:00:00
user24,user26,12/16/2022 00:00:00
user26,user25,02/06/2022 00:00:00
user15,user5,05/16/2022 00:00:00
user15,user10,10/29/2022 00:00:00
user40,user27,01/31/2022 00:00:00
user7,user31,05/14/2022 00:00:00
user28,user37,02/24/2022 00:00:00
user13,user37,05/21/2022 00:00:00
user45,user2,03/11/2022 00:00:00
user26,user43,11/18/2022 00:00:00
user46,user28,07/28/2022 00:00:00
user6,user38,02/04/2022 00:00:00
user40,user13,10/04/2022 00:00:00
user34,user37,06/03/2022 00:00:00
user23,user47,07/19/2022 00:00:00
user8,user13,03/24/2022 00:00:00
user21,user22,09/30/2022 00:00:00
user39,user22,12/28/2022 00:00:00
user4,user18,11/16/2022 00:00:00
user4,user9,06/02/2022 00:00:00
user21,user31,03/12/2022 00:00:00
user45,user9,03/02/2022 00:00:00
user42,user13,01/27/2022 00:00:00
user16,user30,12/29/2022 00:00:00
user27,user48,09/28/2022 00:00:00
user45,user27,10/18/2022 00:00:00
user46,user22,09/16/2022 00:00:00
user17,user8,08/08/2022 00:00:00
user19,user30,11/13/2022 00:00:00
user25,user42,02/05/2022 00:00:00
user11,user3,02/10/2022 00:00:00
user19,user31,01/21/2022 00:00:00
user32,user10,08/28/2022 00:00:00
user40,user21,04/13/2022 00:00:00
user50,user48,06/13/2022 00:00:00
user25,user30,03/20/2022 00:00:00
user26,user29,09/10/2022 00:00:00
user28,user5,11/10/2022 00:00:00
user28,user44,12/21/2022 00:00:00
user7,user29,06/19/2022 00:00:00
user29,user36,03/17/2022 00:00:00
user37,user43,07/17/2022 00:00:00
user46,user39,07/07/2022 00:00:00
user42,user39,08/03/2022 00:00:00
user47,user10,08/06/2022 00:00:00
user21,user44,10/22/2022 00:00:00
user43,user21,03/08/2022 00:00:00
user3,user34,07/26/2022 00:00:00
user38,user4,05/25/2022 00:00:00
user27,user41,05/26/2022 00:00:00
user27,user24,09/13/2022 00:00:00
user41,user26,03/12/2022 00:00:00
user37,user34,12/25/2022 00:00:00
user30,user9,03/29/2022 00:00:00
user35,user16,01/18/2022 00:00:00
user26,user42,05/24/2022 00:00:00
user44,user7,12/06/2022 00:00:00
user42,user48,05/04/2022 00:00:00
user9,user45,12/03/2022 00:00:00
user45,user26,12/10/2022 00:00:00
user6,user48,07/09/2022 00:00:00
user50,user16,06/13/2022 00:00:00
user11,user48,01/14/2022 00:00:00
user17,user22,12/07/2022 00:00:00
user19,user3,03/04/2022 00:00:00
user26,user14,03/02/2022 00:00:00
user4,user23,05/22/2022 00:00:00
user46,user34,05/01/2022 00:00:00
user16,user12,05/09/2022 00:00:00
user14,user12,07/03/2022 00:00:00
user48,user42,04/19/2022 00:00:00
user10,user8,02/09/2022 00:00:00
user13,user21,04/28/2022 00:00:00
user4,user3,01/26/2022 00:00:00
user41,user40,12/16/2022 00:00:00
user21,user7,02/05/2022 00:00:00
user22,user13,01/27/2022 00:00:00
user33,user19,12/20/2022 00:00:00
user29,user49,04/08/2022 00:00:00
user40,user41,04/23/2022 00:00:00
user37,user50,06/06/2022 00:00:00
user44,user11,04/21/2022 00:00:00
user7,user30,07/28/2022 00:00:00
user4,user33,02/15/2022 00:00:00
user30,user37,10/13/2022 00:00:00
user28,user2,01/29/2022 00:00:00
user37,user19,12/19/2022 00:00:00
user30,user32,10/01/2022 00:00:00
user21,user5,07/24/2022 00:00:00
user50,user31,02/27/2022 00:00:00
user45,user10,01/27/2022 00:00:00
user23,user8,10/10/2022 00:00:00
user4,user45,04/05/2022 00:00:00
user25,user46,01/18/2022 00:00:00
user47,user9,09/14/2022 00:00:00
user38,user31,03/07/2022 00:00:00
user20,user47,10/01/2022 00:00:00
user23,user50,09/26/2022 00:00:00
user23,user24,07/04/2022 00:00:00
user20,user27,03/05/2022 00:00:00
user45,user16,09/14/2022 00:00:00
user12,user4,09/17/2022 00:00:00
user39,user45,08/21/2022 00:00:00
user48,user50,03/16/2022 00:00:00
user44,user37,10/08/2022 00:00:00
user43,user44,09/13/2022 00:00:00
user18,user40,03/27/2022 00:00:00
user41,user13,10/31/2022 00:00:00
user27,user26,11/07/2022 00:00:00
user3,user8,04/20/2022 00:00:00
user43,user42,01/10/2022 00:00:00
user22,user24,11/04/2022 00:00:00
user5,user42,01/21/2022 00:00:00
user30,user6,08/18/2022 00:00:00
user31,user41,03/19/2022 00:00:00
user48,user49,06/10/2022 00:00:00
user41,user38,09/09/2022 00:00:00
user50,user44,06/08/2022 00:00:00
user48,user41,11/08/2022 00:00:00
user31,user15,05/14/2022 00:00:00
user31,user27,07/07/2022 00:00:00
user28,user31,02/03/2022 00:00:00
user10,user32,12/21/2022 00:00:00
user17,user7,10/20/2022 00:00:00
user26,user31,06/07/2022 00:00:00
user16,user27,05/31/2022 00:00:00
user15,user37,03/16/2022 00:00:00
user11,user2,10/18/2022 00:00:00
user46,user16,12/27/2022 00:00:00
user32,user13,03/19/2022 00:00:00
user12,user37,08/11/2022 00:00:00
user17,user42,07/12/2022 00:00:00
user2,user34,12/07/2022 00:00:00
user45,user20,10/24/2022 00:00:00
user26,user30,03/13/2022 00:00:00
user5,user34,07/23/2022 00:00:00
user2,user26,07/18/2022 00:00:00
user3,user30,10/16/2022 00:00:00
user22,user34,06/21/2022 00:00:00
user38,user39,11/26/2022 00:00:00
user48,user45,06/30/2022 00:00:00
user39,user7,05/31/2022 00:00:00
user7,user36,11/03/2022 00:00:00
user10,user38,02/01/2022 00:00:00
user24,user49,12/16/2022 00:00:00
user17,user2,02/07/2022 00:00:00
user24,user30,05/25/2022 00:00:00
user16,user24,06/01/2022 00:00:00
user47,user14,12/19/2022 00:00:00
user36,user30,03/10/2022 00:00:00
user41,user11,12/27/2022 00:00:00
user39,user26,03/13/2022 00:00:00
user24,user48,06/02/2022 00:00:00
user2,user47,08/01/2022 00:00:00
user2,user9,03/19/2022 00:00:00
user22,user10,06/22/2022 00:00:00
user45,user23,06/28/2022 00:00:00
user4,user5,11/11/2022 00:00:00
user29,user14,05/30/2022 00:00:00
user16,user22,10/17/2022 00:00:00
user18,user29,10/14/2022 00:00:00
user48,user17,06/03/2022 00:00:00
user13,user40,12/11/2022 00:00:00
user46,user2,03/01/2022 00:00:00
user19,user21,01/24/2022 00:00:00
user44,user4,02/16/2022 00:00:00
user31,user48,05/15/2022 00:00:00
user17,user49,03/29/2022 00:00:00
user31,user37,06/09/2022 00:00:00
user6,user5,04/05/2022 00:00:00
user49,user15,08/12/2022 00:00:00
user12,user31,03/21/2022 00:00:00
user48,user30,12/12/2022 00:00:00
user5,user22,12/08/2022 00:00:00
user20,user50,01/26/2022 00:00:00
user9,user36,08/09/2022 00:00:00
user50,user35,12/04/2022 00:00:00
user37,user7,03/06/2022 00:00:00
user33,user25,07/27/2022 00:00:00
user34,user16,04/11/2022 00:00:00
user47,user23,01/27/2022 00:00:00
user22,user12,12/28/2022 00:00:00
user45,user29,07/18/2022 00:00:00
user46,user48,11/21/2022 00:00:00
user40,user45,06/08/2022 00:00:00
user40,user9,06/20/2022 00:00:00
user2,user24,01/30/2022 00:00:00
user22,user50,05/28/2022 00:00:00
user8,user16,09/07/2022 00:00:00
user49,user35,12/26/2022 00:00:00
user14,user49,08/20/2022 00:00:00
user3,user29,11/18/2022 00:00:00
user41,user2,02/19/2022 00:00:00
user34,user26,02/01/2022 00:00:00
user23,user28,02/18/2022 00:00:00
user5,user25,08/19/2022 00:00:00
user9,user11,06/02/2022 00:00:00
user21,user36,05/03/2022 00:00:00
user16,user32,10/17/2022 00:00:00
user48,user2,05/19/2022 00:00:00
user9,user39,11/23/2022 00:00:00
user36,user4,11/21/2022 00:00:00
user7,user46,12/15/2022 00:00:00
user19,user8,04/29/2022 00:00:00
user18,user13,07/07/2022 00:00:00
user4,user49,05/20/2022 00:00:00
user12,user34,02/10/2022 00:00:00
user48,user32,08/14/2022 00:00:00
user18,user30,03/09/2022 00:00:00
user42,user11,03/05/2022 00:00:00
user8,user19,06/09/2022 00:00:00
user17,user39,06/13/2022 00:00:00
user6,user47,05/27/2022 00:00:00
user3,user25,09/30/2022 00:00:00
user36,user3,10/29/2022 00:00:00
user11,user36,06/12/2022 00:00:00
user35,user14,03/17/2022 00:00:00
user22,user47,05/16/2022 00:00:00
user12,user10,02/12/2022 00:00:00
user45,user7,11/28/2022 00:00:00
user45,user5,07/29/2022 00:00:00
user17,user28,11/17/2022 00:00:00
user27,user45,12/08/2022 00:00:00
user8,user9,11/10/2022 00:00:00
user46,user19,06/21/2022 00:00:00
user18,user50,09/11/2022 00:00:00
user15,user20,04/10/2022 00:00:00
user31,user2,09/03/2022 00:00:00
user50,user40,02/16/2022 00:00:00
user14,user13,10/15/2022 00:00:00
user10,user4,06/30/2022 00:00:00
user46,user27,04/29/2022 00:00:00
user6,user15,05/08/2022 00:00:00
user22,user4,09/06/2022 00:00:00
user21,user25,01/02/2022 00:00:00
user33,user45,01/07/2022 00:00:00
user31,user38,09/09/2022 00:00:00
user19,user10,02/26/2022 00:00:00
user3,user47,08/08/2022 00:00:00
user11,user6,07/25/2022 00:00:00
user46,user29,05/14/2022 00:00:00
user34,user14,09/29/2022 00:00:00
user25,user39,12/01/2022 00:00:00
user20,user37,02/08/2022 00:00:00
user30,user40,11/02/2022 00:00:00
user37,user6,06/23/2022 00:00:00
user23,user48,12/06/2022 00:00:00
user20,user39,07/13/2022 00:00:00
user3,user2,09/20/2022 00:00:00
user47,user50,07/11/2022 00:00:00
user24,user10,03/19/2022 00:00:00
user4,user39,04/22/2022 00:00:00
user6,user30,06/26/2022 00:00:00
user34,user28,02/25/2022 00:00:00
user34,user4,08/02/2022 00:00:00
user44,user25,07/14/2022 00:00:00
user4,user37,05/26/2022 00:00:00
user30,user35,08/27/2022 00:00:00
user3,user10,06/21/2022 00:00:00
user21,user50,03/20/2022 00:00:00
user38,user16,07/23/2022 00:00:00
user33,user4,02/26/2022 00:00:00
user36,user34,06/09/2022 00:00:00
user10,user29,10/25/2022 00:00:00
user5,user45,12/09/2022 00:00:00
user4,user32,04/23/2022 00:00:00
user13,user38,03/23/2022 00:00:00
user32,user14,09/11/2022 00:00:00
user29,user46,08/16/2022 00:00:00
user2,user49,06/23/2022 00:00:00
user32,user22,10/25/2022 00:00:00
user27,user30,05/04/2022 00:00:00
user50,user46,10/29/2022 00:00:00
user40,user14,07/05/2022 00:00:00
user35,user50,10/20/2022 00:00:00
user5,user23,08/02/2022 00:00:00
user7,user47,01/31/2022 00:00:00
user18,user25,04/07/2022 00:00:00
user4,user2,08/19/2022 00:00:00
user13,user17,04/21/2022 00:00:00
user29,user38,10/16/2022 00:00:00
user17,user48,05/08/2022 00:00:00
user26,user22,04/14/2022 00:00:00
user16,user39,06/22/2022 00:00:00
user38,user32,01/31/2022 00:00:00
user46,user45,12/27/2022 00:00:00
user11,user16,11/28/2022 00:00:00
user24,user31,12/23/2022 00:00:00
user46,user13,05/17/2022 00:00:00
user45,user8,05/11/2022 00:00:00
user17,user21,07/20/2022 00:00:00
user21,user15,08/16/2022 00:00:00
user5,user16,03/31/2022 00:00:00
user12,user46,04/03/2022 00:00:00
user31,user10,02/10/2022 00:00:00
user49,user38,01/26/2022 00:00:00
user20,user21,06/17/2022 00:00:00
user22,user41,08/03/2022 00:00:00
user28,user17,11/14/2022 00:00:00
user3,user6,06/03/2022 00:00:00
user19,user46,07/17/2022 00:00:00
user39,user25,09/25/2022 00:00:00
user47,user11,06/27/2022 00:00:00
user33,user5,03/13/2022 00:00:00
user33,user29,10/12/2022 00:00:00
user31,user46,02/21/2022 00:00:00
user40,user33,12/19/2022 00:00:00
user50,user29,05/23/2022 00:00:00
user15,user42,04/22/2022 00:00:00
user19,user41,03/11/2022 00:00:00
user47,user5,10/20/2022 00:00:00
user50,user11,06/08/2022 00:00:00
user6,user40,09/23/2022 00:00:00
user20,user29,08/31/2022 00:00:00
user22,user26,08/25/2022 00:00:00
user8,user25,11/14/2022 00:00:00
user40,user32,11/01/2022 00:00:00
user21,user19,07/10/2022 00:00:00
user50,user25,11/29/2022 00:00:00
user24,user33,12/30/2022 00:00:00
user30,user46,12/09/2022 00:00:00
user24,user12,11/23/2022 00:00:00
user21,user30,05/23/2022 00:00:00
user18,user7,10/10/2022 00:00:00
user37,user13,05/16/2022 00:00:00
user7,user25,07/24/2022 00:00:00
user23,user6,07/25/2022 00:00:00
user42,user7,12/23/2022 00:00:00
user44,user40,12/12/2022 00:00:00
user38,user19,05/17/2022 00:00:00
user22,user32,08/14/2022 00:00:00
user26,user27,01/03/2022 00:00:00
user27,user49,01/23/2022 00:00:00
user33,user34,04/09/2022 00:00:00
user22,user7,03/25/2022 00:00:00
user42,user12,03/11/2022 00:00:00
user49,user44,04/02/2022 00:00:00
user29,user23,08/02/2022 00:00:00
user14,user25,01/07/2022 00:00:00
user11,user31,02/09/2022 00:00:00
user20,user35,09/29/2022 00:00:00
user16,user3,02/13/2022 00:00:00
user4,user47,01/08/2022 00:00:00
user3,user45,09/19/2022 00:00:00
user27,user42,12/20/2022 00:00:00
user50,user14,09/14/2022 00:00:00
user35,user41,02/13/2022 00:00:00
user6,user41,11/21/2022 00:00:00
user9,user14,02/15/2022 00:00:00
user48,user21,07/29/2022 00:00:00
user48,user19,01/07/2022 00:00:00
user6,user50,01/02/2022 00:00:00
user18,user35,05/30/2022 00:00:00
user5,user50,04/05/2022 00:00:00
user14,user32,01/20/2022 00:00:00
user39,user18,12/16/2022 00:00:00
user2,user32,08/29/2022 00:00:00
user48,user28,01/14/2022 00:00:00
user6,user39,03/29/2022 00:00:00
user49,user42,12/23/2022 00:00:00
user25,user9,11/15/2022 00:00:00
user32,user25,11/13/2022 00:00:00
user15,user27,11/21/2022 00:00:00
user7,user12,09/30/2022 00:00:00
user46,user15,10/22/2022 00:00:00
user38,user5,05/09/2022 00:00:00
user43,user11,05/03/2022 00:00:00
user29,user21,12/11/2022 00:00:00
user26,user37,12/29/2022 00:00:00
user13,user41,01/08/2022 00:00:00
user34,user31,11/21/2022 00:00:00
user28,user19,12/18/2022 00:00:00
user39,user10,05/15/2022 00:00:00
user47,user17,12/02/2022 00:00:00
user34,user30,09/07/2022 00:00:00
user24,user2,03/06/2022 00:00:00
user50,user26,09/21/2022 00:00:00
user9,user37,05/15/2022 00:00:00
user40,user47,01/17/2022 00:00:00
user28,user42,12/03/2022 00:00:00
user40,user23,06/24/2022 00:00:00
user30,user19,09/06/2022 00:00:00
user41,user27,08/08/2022 00:00:00
user31,user43,03/19/2022 00:00:00
user23,user39,11/24/2022 00:00:00
user6,user25,05/28/2022 00:00:00
user22,user31,11/04/2022 00:00:00
user29,user32,10/09/2022 00:00:00
user5,user37,05/24/2022 00:00:00
user15,user47,01/01/2022 00:00:00
user40,user18,06/26/2022 00:00:00
user49,user8,03/27/2022 00:00:00
user30,user15,12/09/2022 00:00:00
user35,user4,11/12/2022 00:00:00
user50,user15,11/04/2022 00:00:00
user30,user10,10/17/2022 00:00:00
user10,user21,05/12/2022 00:00:00
user37,user44,04/10/2022 00:00:00
user46,user31,06/05/2022 00:00:00
user3,user31,10/09/2022 00:00:00
user40,user12,09/20/2022 00:00:00
user34,user40,08/06/2022 00:00:00
user20,user7,05/02/2022 00:00:00
user35,user43,12/07/2022 00:00:00
user43,user18,06/27/2022 00:00:00
user25,user15,07/25/2022 00:00:00
user38,user20,02/10/2022 00:00:00
user9,user19,03/01/2022 00:00:00
user35,user19,04/22/2022 00:00:00
user11,user34,05/24/2022 00:00:00
user37,user46,08/30/2022 00:00:00
user5,user49,08/07/2022 00:00:00
user7,user14,08/24/2022 00:00:00
user49,user10,07/31/2022 00:00:00
user6,user36,04/05/2022 00:00:00
user12,user13,11/08/2022 00:00:00
user26,user45,03/16/2022 00:00:00
user41,user33,05/03/2022 00:00:00
user23,user7,05/30/2022 00:00:00
user24,user41,01/01/2022 00:00:00
user27,user9,11/13/2022 00:00:00
user38,user49,08/22/2022 00:00:00
user25,user10,04/29/2022 00:00:00
user10,user44,11/23/2022 00:00:00
user48,user8,09/30/2022 00:00:00
user16,user21,11/26/2022 00:00:00
user10,user17,03/17/2022 00:00:00
user30,user20,06/06/2022 00:00:00
user49,user19,03/14/2022 00:00:00
user7,user48,11/04/2022 00:00:00
user36,user50,10/09/2022 00:00:00
user9,user13,12/31/2022 00:00:00
user6,user19,10/04/2022 00:00:00
user28,user23,10/27/2022 00:00:00
user12,user20,04/21/2022 00:00:00
user26,user49,06/21/2022 00:00:00
user13,user10,10/26/2022 00:00:00
user29,user34,06/29/2022 00:00:00
user44,user30,05/01/2022 00:00:00
user26,user15,12/13/2022 00:00:00
user38,user27,06/09/2022 00:00:00
user50,user3,05/26/2022 00:00:00
user31,user28,06/17/2022 00:00:00
user14,user43,04/02/2022 00:00:00
user2,user46,12/23/2022 00:00:00
user7,user13,09/23/2022 00:00:00
user34,user21,04/03/2022 00:00:00
user29,user44,03/15/2022 00:00:00
user48,user20,05/04/2022 00:00:00
user44,user41,12/07/2022 00:00:00
user35,user21,09/06/2022 00:00:00
user6,user46,07/06/2022 00:00:00
user38,user28,06/14/2022 00:00:00
user12,user32,02/21/2022 00:00:00
user4,user13,05/21/2022 00:00:00
user35,user30,12/10/2022 00:00:00
user24,user28,10/05/2022 00:00:00
user30,user29,08/07/2022 00:00:00
user50,user7,08/11/2022 00:00:00
user18,user24,02/04/2022 00:00:00
user41,user20,08/12/2022 00:00:00
user24,user38,09/06/2022 00:00:00
user31,user50,05/22/2022 00:00:00
user5,user32,05/03/2022 00:00:00
user30,user12,12/26/2022 00:00:00
user38,user6,04/10/2022 00:00:00
user45,user6,01/15/2022 00:00:00
user9,user32,04/16/2022 00:00:00
user49,user45,08/17/2022 00:00:00
user14,user40,05/29/2022 00:00:00
user26,user47,08/31/2022 00:00:00
user46,user36,02/02/2022 00:00:00
user15,user38,04/08/2022 00:00:00
user34,user8,11/05/2022 00:00:00
user3,user7,11/19/2022 00:00:00
user10,user9,01/30/2022 00:00:00
user42,user15,07/10/2022 00:00:00
user27,user8,01/24/2022 00:00:00
user37,user9,06/19/2022 00:00:00
user47,user34,04/17/2022 00:00:00
user36,user8,02/01/2022 00:00:00
user36,user48,11/22/2022 00:00:00
user2,user27,11/29/2022 00:00:00
user14,user26,02/03/2022 00:00:00
user2,user3,09/18/2022 00:00:00
user43,user26,04/25/2022 00:00:00
user34,user36,04/29/2022 00:00:00
user31,user35,08/12/2022 00:00:00
user31,user49,09/04/2022 00:00:00
user45,user37,08/15/2022 00:00:00
user30,user45,04/06/2022 00:00:00
user36,user44,06/30/2022 00:00:00
user33,user47,07/18/2022 00:00:00
user6,user43,06/29/2022 00:00:00
user6,user13,11/28/2022 00:00:00
user14,user8,10/21/2022 00:00:00
user26,user9,06/04/2022 00:00:00
user23,user26,01/15/2022 00:00:00
user11,user24,03/28/2022 00:00:00
user29,user9,03/11/2022 00:00:00
user44,user16,04/03/2022 00:00:00
user4,user7,01/29/2022 00:00:00
user42,user38,09/29/2022 00:00:00
user19,user39,06/05/2022 00:00:00
user21,user17,10/16/2022 00:00:00
user7,user16,07/20/2022 00:00:00
user9,user23,09/14/2022 00:00:00
user12,user44,07/09/2022 00:00:00
user29,user10,09/15/2022 00:00:00
user13,user32,07/15/2022 00:00:00
user48,user6,04/21/2022 00:00:00
user35,user39,03/11/2022 00:00:00
user8,user26,12/28/2022 00:00:00
user16,user34,10/07/2022 00:00:00
user26,user5,09/09/2022 00:00:00
user4,user43,10/01/2022 00:00:00
user41,user45,04/15/2022 00:00:00
user25,user24,04/28/2022 00:00:00
user22,user45,12/18/2022 00:00:00
user5,user39,05/12/2022 00:00:00
user11,user17,11/30/2022 00:00:00
user17,user30,10/29/2022 00:00:00
user4,user16,01/19/2022 00:00:00
user23,user12,09/15/2022 00:00:00
user33,user38,10/08/2022 00:00:00
user32,user49,10/17/2022 00:00:00
user31,user26,07/07/2022 00:00:00
user41,user42,07/25/2022 00:00:00
user20,user34,05/28/2022 00:00:00
user4,user22,07/19/2022 00:00:00
user32,user7,07/13/2022 00:00:00
user50,user45,06/21/2022 00:00:00
user17,user3,05/29/2022 00:00:00
user7,user33,12/31/2022 00:00:00
user17,user4,02/20/2022 00:00:00
user11,user20,06/01/2022 00:00:00
user41,user7,04/12/2022 00:00:00
user20,user25,03/15/2022 00:00:00
user26,user19,12/02/2022 00:00:00
user24,user29,01/14/2022 00:00:00
user47,user45,09/04/2022 00:00:00
user20,user41,11/15/2022 00:00:00
user41,user19,07/07/2022 00:00:00
user2,user12,06/22/2022 00:00:00
user44,user49,06/18/2022 00:00:00
user50,user30,09/19/2022 00:00:00
user41,user5,11/12/2022 00:00:00
user23,user14,03/05/2022 00:00:00
user10,user49,01/27/2022 00:00:00
user3,user18,08/19/2022 00:00:00
user34,user22,02/24/2022 00:00:00
user45,user34,02/20/2022 00:00:00
user11,user45,06/25/2022 00:00:00
user4,user6,05/29/2022 00:00:00
user23,user44,05/05/2022 00:00:00
user38,user8,08/15/2022 00:00:00
user22,user9,12/27/2022 00:00:00
user28,user15,02/14/2022 00:00:00
user32,user35,03/15/2022 00:00:00
user39,user48,03/03/2022 00:00:00
user19,user22,11/04/2022 00:00:00